mention_id,mention_date,period_key,snapshot_target_date,snapshot_resolved_date,snapshot_offset_days,mention_to_snapshot_days,snapshot_resolution,tranco_list_id,tranco_list_created_on,domain,matched_domain,match_type,tranco_rank_at_date,reach_score_at_date,reach_percentile_at_date,reach_tier_at_date,outlet,country,canonical_publication_id,canonical_publication_title,mention_title,mention_url
2026-02-16_mentions_10.1016_j.ympev.2014.09.001__86,2014-10-14T04:00:00,2014-Q4,2014-11-15,,,,unresolved,,,eurekalert.org,,unmatched,0,0.0,0.0,unranked,EurekAlert!,United States,pub_001,"A comprehensive multilocus phylogeny of the Neotropical cotingas (Cotingidae, Aves) with a comparative evolutionary analysis of breeding system and plumage dimorphism and a revised phylogenetic classification",New 'tree of life' traces evolution of a mysterious cotinga birds,http://www.eurekalert.org/pub_releases/2014-10/cu-no101414.php
2026-02-16_mentions_10.1016_j.ympev.2014.09.001__85,2014-10-14T19:19:16,2014-Q4,2014-11-15,,,,unresolved,,,phys.org,,unmatched,0,0.0,0.0,unranked,Phys.org,United Kingdom,pub_001,"A comprehensive multilocus phylogeny of the Neotropical cotingas (Cotingidae, Aves) with a comparative evolutionary analysis of breeding system and plumage dimorphism and a revised phylogenetic classification",New 'tree of life' traces evolution of a mysterious cotinga birds,http://phys.org/news/2014-10-tree-life-evolution-mysterious-cotinga.html
2026-02-16_mentions_10.1016_j.ympev.2014.09.001__84,2014-10-14T19:26:37,2014-Q4,2014-11-15,,,,unresolved,,,sciencedaily.com,,unmatched,0,0.0,0.0,unranked,Science Daily,United States,pub_001,"A comprehensive multilocus phylogeny of the Neotropical cotingas (Cotingidae, Aves) with a comparative evolutionary analysis of breeding system and plumage dimorphism and a revised phylogenetic classification",New 'tree of life' traces evolution of a mysterious cotinga birds,http://www.sciencedaily.com/releases/2014/10/141014152637.htm?utm_source=feedburner&utm_medium=feed&utm_campaign=Feed%3A+sciencedaily%2Ftop_news+%28ScienceDaily%3A+Top+News%29
2026-02-16_mentions_10.1016_j.ympev.2014.09.001__82,2014-10-15T06:23:58,2014-Q4,2014-11-15,,,,unresolved,,,healthmedicinet.com,,unmatched,0,0.0,0.0,unranked,Health Medicinet,United States,pub_001,"A comprehensive multilocus phylogeny of the Neotropical cotingas (Cotingidae, Aves) with a comparative evolutionary analysis of breeding system and plumage dimorphism and a revised phylogenetic classification",New ‘tree of life’ traces evolution of a mysterious cotinga birds,http://healthmedicinet.com/news/new-tree-of-life-traces-evolution-of-a-mysterious-cotinga-birds/
2026-02-16_mentions_10.1016_j.ympev.2014.09.001__73,2014-10-21T10:01:02,2014-Q4,2014-11-15,,,,unresolved,,,sci-news.com,,unmatched,0,0.0,0.0,unranked,Sci-News,United States,pub_001,"A comprehensive multilocus phylogeny of the Neotropical cotingas (Cotingidae, Aves) with a comparative evolutionary analysis of breeding system and plumage dimorphism and a revised phylogenetic classification",Ornithologists Map Family Tree of Mysterious Cotinga Birds,http://www.sci-news.com/biology/science-family-tree-cotinga-birds-02218.html
2026-02-16_mentions_10.1642_AUK-14-108.1__26,2015-02-11T05:00:00,2015-Q1,2015-02-15,,,,unresolved,,,eurekalert.org,,unmatched,0,0.0,0.0,unranked,EurekAlert!,United States,pub_006,"Divergence in morphology, calls, song, mechanical sounds, and genetics supports species status for the Inaguan hummingbird (Trochilidae: Calliphlox evelynae lyrura)",A new species of hummingbird?,http://www.eurekalert.org/pub_releases/2015-02/uoc--ans_1021115.php
2026-02-16_mentions_10.1642_AUK-14-108.1__23,2015-02-12T12:20:01,2015-Q1,2015-02-15,,,,unresolved,,,phys.org,,unmatched,0,0.0,0.0,unranked,Phys.org,United Kingdom,pub_006,"Divergence in morphology, calls, song, mechanical sounds, and genetics supports species status for the Inaguan hummingbird (Trochilidae: Calliphlox evelynae lyrura)",A new species of hummingbird?,http://phys.org/news/2015-02-species-hummingbird.html
2026-02-16_mentions_10.1642_AUK-14-108.1__21,2015-02-12T17:11:00,2015-Q1,2015-02-15,,,,unresolved,,,w2.technobahn.com,,unmatched,0,0.0,0.0,unranked,Technobahn,United States,pub_006,"Divergence in morphology, calls, song, mechanical sounds, and genetics supports species status for the Inaguan hummingbird (Trochilidae: Calliphlox evelynae lyrura)",A New Species of Hummingbird?,http://w2.technobahn.com/articles/2015021217110029.html
2026-02-16_mentions_10.1642_AUK-14-108.1__22,2015-02-12T17:11:00,2015-Q1,2015-02-15,,,,unresolved,,,sciencenewsline.com,,unmatched,0,0.0,0.0,unranked,Science Newsline,Japan,pub_006,"Divergence in morphology, calls, song, mechanical sounds, and genetics supports species status for the Inaguan hummingbird (Trochilidae: Calliphlox evelynae lyrura)",A New Species of Hummingbird?,http://www.sciencenewsline.com/summary/2015021217110029.html
2026-02-16_mentions_10.1642_AUK-14-108.1__20,2015-02-12T17:23:48,2015-Q1,2015-02-15,,,,unresolved,,,sciencedaily.com,,unmatched,0,0.0,0.0,unranked,Science Daily,United States,pub_006,"Divergence in morphology, calls, song, mechanical sounds, and genetics supports species status for the Inaguan hummingbird (Trochilidae: Calliphlox evelynae lyrura)",A new species of hummingbird?,http://www.sciencedaily.com/releases/2015/02/150212122348.htm?utm_source=feedburner&utm_medium=feed&utm_campaign=Feed%3A+sciencedaily+%28Latest+Science+News+--+ScienceDaily%29
2026-02-16_mentions_10.1642_AUK-14-108.1__18,2015-02-13T13:24:39,2015-Q1,2015-02-15,,,,unresolved,,,technology.org,,unmatched,0,0.0,0.0,unranked,Technology.org,United States,pub_006,"Divergence in morphology, calls, song, mechanical sounds, and genetics supports species status for the Inaguan hummingbird (Trochilidae: Calliphlox evelynae lyrura)",A new species of hummingbird?,http://www.technology.org/2015/02/13/new-species-hummingbird/
2026-02-16_mentions_10.1642_AUK-14-108.1__17,2015-02-18T15:43:18,2015-Q1,2015-02-15,,,,unresolved,,,sci-news.com,,unmatched,0,0.0,0.0,unranked,Sci-News,United States,pub_006,"Divergence in morphology, calls, song, mechanical sounds, and genetics supports species status for the Inaguan hummingbird (Trochilidae: Calliphlox evelynae lyrura)",Inaguan Lyretail: Scientists Unveil New Species of Hummingbird,http://www.sci-news.com/biology/science-inaguan-lyretail-new-species-hummingbird-02510.html
2026-02-16_mentions_10.1038_nature15697__749,2015-10-07T17:00:00,2015-Q4,2015-11-15,,,,unresolved,,,trust.org,,unmatched,0,0.0,0.0,unranked,Thomson Reuters Foundation,United Kingdom,pub_002,A comprehensive phylogeny of birds (Aves) using targeted next-generation DNA sequencing,Ruffling the feathers: scientists formulate bird family tree,http://www.trust.org/item/20151007170217-d90ja/
2026-02-16_mentions_10.1038_nature15697__747,2015-10-07T17:00:01,2015-Q4,2015-11-15,,,,unresolved,,,philly.com,,unmatched,0,0.0,0.0,unranked,Philly.com,United States,pub_002,A comprehensive phylogeny of birds (Aves) using targeted next-generation DNA sequencing,Ruffling the feathers: scientists formulate bird family tree,http://www.philly.com/philly/wires/reuters/news/report/20151007_Reuters_L1N1262Q8_Ruffling_the_feathers__scientists_formulate_bird_family_tree.html
2026-02-16_mentions_10.1038_nature15697__746,2015-10-07T17:00:02,2015-Q4,2015-11-15,,,,unresolved,,,agenciasinc.es,,unmatched,0,0.0,0.0,unranked,Agencia SINC,Spain,pub_002,A comprehensive phylogeny of birds (Aves) using targeted next-generation DNA sequencing,El árbol genealógico de las aves arroja luz sobre su evolución,http://www.agenciasinc.es/Noticias/El-arbol-genealogico-de-las-aves-arroja-luz-sobre-su-evolucion
2026-02-16_mentions_10.1038_nature15697__744,2015-10-07T17:10:59,2015-Q4,2015-11-15,,,,unresolved,,,news.yahoo.com,,unmatched,0,0.0,0.0,unranked,Yahoo! News,United States,pub_002,A comprehensive phylogeny of birds (Aves) using targeted next-generation DNA sequencing,Ruffling the feathers: scientists formulate bird family tree,http://news.yahoo.com/ruffling-feathers-scientists-formulate-bird-family-tree-171059324.html
2026-02-16_mentions_10.1038_nature15697__745,2015-10-07T17:10:59,2015-Q4,2015-11-15,,,,unresolved,,,businessinsider.com,,unmatched,0,0.0,0.0,unranked,Business Insider,United States,pub_002,A comprehensive phylogeny of birds (Aves) using targeted next-generation DNA sequencing,Ruffling the feathers: scientists formulate bird family tree,http://www.businessinsider.com/r-ruffling-the-feathers-scientists-formulate-bird-family-tree-2015-10
2026-02-16_mentions_10.1038_nature15697__731,2015-10-07T17:59:30,2015-Q4,2015-11-15,,,,unresolved,,,in.news.yahoo.com,,unmatched,0,0.0,0.0,unranked,Yahoo! News India,India,pub_002,A comprehensive phylogeny of birds (Aves) using targeted next-generation DNA sequencing,Ruffling the feathers: scientists formulate bird family tree,https://in.news.yahoo.com/ruffling-feathers-scientists-formulate-bird-family-tree-174046703.html
2026-02-16_mentions_10.1038_nature15697__712,2015-10-07T19:15:56,2015-Q4,2015-11-15,,,,unresolved,,,firstpost.com,,unmatched,0,0.0,0.0,unranked,Firstpost,India,pub_002,A comprehensive phylogeny of birds (Aves) using targeted next-generation DNA sequencing,Ruffling the feathers: scientists formulate bird family ...,http://www.firstpost.com/world/ruffling-the-feathers-scientists-formulate-bird-family-tree-reuters-2459576.html
2026-02-16_mentions_10.1038_nature15697__688,2015-10-07T22:22:09,2015-Q4,2015-11-15,,,,unresolved,,,voanews.com,,unmatched,0,0.0,0.0,unranked,Voice of America,United States,pub_002,A comprehensive phylogeny of birds (Aves) using targeted next-generation DNA sequencing,Scientists Unveil Comprehensive Bird Family Tree,http://www.voanews.com/content/scientists-unveil-comprehensive-bird-family-tree/2995915.html
2026-02-16_mentions_10.1038_nature15697__550,2015-10-08T14:30:01,2015-Q4,2015-11-15,,,,unresolved,,,phys.org,,unmatched,0,0.0,0.0,unranked,Phys.org,United Kingdom,pub_002,A comprehensive phylogeny of birds (Aves) using targeted next-generation DNA sequencing,Group builds most comprehensive family tree of birds to date,http://phys.org/news/2015-10-group-comprehensive-family-tree-birds.html
2026-02-16_mentions_10.1038_nature15697__544,2015-10-08T15:42:52,2015-Q4,2015-11-15,,,,unresolved,,,futurity.org,,unmatched,0,0.0,0.0,unranked,Futurity,United States,pub_002,A comprehensive phylogeny of birds (Aves) using targeted next-generation DNA sequencing,'Tree of life' links birds to 3 dinosaur lineages - Futurity,http://www.futurity.org/birds-evolution-1021292/
2026-02-16_mentions_10.1038_nature15697__540,2015-10-08T16:23:15,2015-Q4,2015-11-15,,,,unresolved,,,arstechnica.com,,unmatched,0,0.0,0.0,unranked,Arstechnica,United States,pub_002,A comprehensive phylogeny of birds (Aves) using targeted next-generation DNA sequencing,New study rearranges family tree of birds,http://arstechnica.com/science/2015/10/new-study-rearranges-family-tree-of-birds/?alm_mvr=0
2026-02-16_mentions_10.1038_nature15697__515,2015-10-09T10:06:28,2015-Q4,2015-11-15,,,,unresolved,,,techtimes.com,,unmatched,0,0.0,0.0,unranked,Tech Times,United States,pub_002,A comprehensive phylogeny of birds (Aves) using targeted next-generation DNA sequencing,Researchers Say Comprehensive Bird Family Tree Nearly Complete,http://www.techtimes.com/articles/93052/20151009/researchers-say-comprehensive-bird-family-tree-nearly-complete.htm
2026-02-16_mentions_10.1038_nature15697__484,2015-10-12T04:00:00,2015-Q4,2015-11-15,,,,unresolved,,,eurekalert.org,,unmatched,0,0.0,0.0,unranked,EurekAlert!,United States,pub_002,A comprehensive phylogeny of birds (Aves) using targeted next-generation DNA sequencing,From hummingbird to owl: New research decodes bird family tree,http://www.eurekalert.org/pub_releases/2015-10/fsu-fht101215.php
2026-02-16_mentions_10.1038_nature15697__477,2015-10-12T20:05:00,2015-Q4,2015-11-15,,,,unresolved,,,newswise.com,,unmatched,0,0.0,0.0,unranked,Newswise,United States,pub_002,A comprehensive phylogeny of birds (Aves) using targeted next-generation DNA sequencing,New Research Decodes Bird Family Tree,http://www.newswise.com/articles/view/641257/?sc=rsla
2026-02-16_mentions_10.1038_nature15697__476,2015-10-12T22:10:33,2015-Q4,2015-11-15,,,,unresolved,,,sciencedaily.com,,unmatched,0,0.0,0.0,unranked,Science Daily,United States,pub_002,A comprehensive phylogeny of birds (Aves) using targeted next-generation DNA sequencing,From hummingbird to owl: New research decodes bird family tree,http://www.sciencedaily.com/releases/2015/10/151012181033.htm
2026-02-16_mentions_10.1038_nature15697__470,2015-10-13T10:33:00,2015-Q4,2015-11-15,,,,unresolved,,,hirado.hu,,unmatched,0,0.0,0.0,unranked,Hirado,Hungary,pub_002,A comprehensive phylogeny of birds (Aves) using targeted next-generation DNA sequencing,Már majdnem teljes a madárcsaládfa,http://www.hirado.hu/2015/10/13/mar-majdnem-teljes-a-madarcsaladfa/
2026-02-16_mentions_10.1038_nature15697__464,2015-10-13T16:50:00,2015-Q4,2015-11-15,,,,unresolved,,,sciencenewsline.com,,unmatched,0,0.0,0.0,unranked,Science Newsline,Japan,pub_002,A comprehensive phylogeny of birds (Aves) using targeted next-generation DNA sequencing,From Hummingbird to Owl: New Research Decodes Bird Family Tree,http://www.sciencenewsline.com/news/2015101316500017.html
2026-02-16_mentions_10.1038_nature15697__461,2015-10-13T19:40:08,2015-Q4,2015-11-15,,,,unresolved,,,scienceworldreport.com,,unmatched,0,0.0,0.0,unranked,Science World Report,United States,pub_002,A comprehensive phylogeny of birds (Aves) using targeted next-generation DNA sequencing,The Bird Family Tree: New Research Reveals How Birds Evolved After Dinosaurs,http://www.scienceworldreport.com/articles/31201/20151013/bird-family-tree-new-research-reveals-birds-evolved-dinosaurs.htm
2026-02-16_mentions_10.1038_nature15697__457,2015-10-14T01:10:13,2015-Q4,2015-11-15,,,,unresolved,,,feedproxy.google.com,,unmatched,0,0.0,0.0,unranked,Technology.org,United States,pub_002,A comprehensive phylogeny of birds (Aves) using targeted next-generation DNA sequencing,From hummingbird to owl: New research decodes bird family tree - Technology Org,http://feedproxy.google.com/~r/TechnologyOrg/~3/fgdEWB7MTHs/
2026-02-16_mentions_10.1093_sysbio.syx064__89,2017-09-21T04:00:00,2017-Q3,2017-08-15,,,,unresolved,,,eurekalert.org,,unmatched,0,0.0,0.0,unranked,EurekAlert!,United States,pub_012,Genomic Signature of an Avian Lilliput Effect across the K-Pg Extinction,Dino-killing asteroid's impact on bird evolution,https://www.eurekalert.org/pub_releases/2017-09/cu-dai092117.php
2026-02-16_mentions_10.1093_sysbio.syx064__88,2017-09-21T07:00:06,2017-Q3,2017-08-15,,,,unresolved,,,myscience.org,,unmatched,0,0.0,0.0,unranked,My Science,United States,pub_012,Genomic Signature of an Avian Lilliput Effect across the K-Pg Extinction,Dino-killing asteroid sped up bird evolution,https://www.myscience.org/wire/dino_killing_asteroid_sped_up_bird_evolution-2017-Bath
2026-02-16_mentions_10.1093_sysbio.syx064__84,2017-09-21T11:32:18,2017-Q3,2017-08-15,,,,unresolved,,,phys.org,,unmatched,0,0.0,0.0,unranked,Phys.org,United Kingdom,pub_012,Genomic Signature of an Avian Lilliput Effect across the K-Pg Extinction,Dino-killing asteroid sped up bird evolution,https://phys.org/news/2017-09-dino-killing-asteroid-sped-bird-evolution.html
2026-02-16_mentions_10.1093_sysbio.syx064__82,2017-09-21T16:09:02,2017-Q3,2017-08-15,,,,unresolved,,,news.cornell.edu,,unmatched,0,0.0,0.0,unranked,Cornell Chronicle,United States,pub_012,Genomic Signature of an Avian Lilliput Effect across the K-Pg Extinction,Asteroid that killed dinosaurs may have sped up bird evolution,http://news.cornell.edu/stories/2017/09/asteroid-killed-dinosaurs-may-have-sped-bird-evolution
2026-02-16_mentions_10.1093_sysbio.syx064__81,2017-09-21T16:47:35,2017-Q3,2017-08-15,,,,unresolved,,,upi.com,,unmatched,0,0.0,0.0,unranked,UPI.com,United States,pub_012,Genomic Signature of an Avian Lilliput Effect across the K-Pg Extinction,Study: Dinosaur-killing asteroid accelerated bird evolution,https://www.upi.com/Science_News/2017/09/21/Study-Dinosaur-killing-asteroid-accelerated-bird-evolution/8111506008932/
2026-02-16_mentions_10.1093_sysbio.syx064__80,2017-09-21T17:00:22,2017-Q3,2017-08-15,,,,unresolved,,,breitbart.com,,unmatched,0,0.0,0.0,unranked,Breitbart News Network,United States,pub_012,Genomic Signature of an Avian Lilliput Effect across the K-Pg Extinction,Study: Dinosaur-killing asteroid accelerated bird evolution,http://www.breitbart.com/news/study-dinosaur-killing-asteroid-accelerated-bird-evolution/
2026-02-16_mentions_10.1093_sysbio.syx064__79,2017-09-22T05:30:14,2017-Q3,2017-08-15,,,,unresolved,,,feedproxy.google.com,,unmatched,0,0.0,0.0,unranked,Technology.org,United States,pub_012,Genomic Signature of an Avian Lilliput Effect across the K-Pg Extinction,Dino-killing asteroid sped up bird evolution,http://feedproxy.google.com/~r/TechnologyOrg/~3/q6b3I3XpwRc/
2026-02-16_mentions_10.1093_sysbio.syx064__76,2017-09-22T10:46:25,2017-Q3,2017-08-15,,,,unresolved,,,feedproxy.google.com,,unmatched,0,0.0,0.0,unranked,Sci-News,United States,pub_012,Genomic Signature of an Avian Lilliput Effect across the K-Pg Extinction,"Dino-Killing Mass Extinction Boosted Bird Evolution, Study Says | Paleontology | Sci-News.com",http://feedproxy.google.com/~r/BreakingScienceNews/~3/8vziJSr9eFc/dino-killing-mass-extinction-bird-evolution-05249.html
2026-02-16_mentions_10.1093_sysbio.syx064__77,2017-09-22T10:46:25,2017-Q3,2017-08-15,,,,unresolved,,,sci-news.com,,unmatched,0,0.0,0.0,unranked,Sci-News,United States,pub_012,Genomic Signature of an Avian Lilliput Effect across the K-Pg Extinction,"Dino-Killing Mass Extinction Boosted Bird Evolution, Study Says | Paleontology | Sci-News.com",http://www.sci-news.com/paleontology/dino-killing-mass-extinction-bird-evolution-05249.html?alm_mvr=0
2026-02-16_mentions_10.1093_sysbio.syx064__75,2017-09-22T13:37:02,2017-Q3,2017-08-15,,,,unresolved,,,laboratoryequipment.com,,unmatched,0,0.0,0.0,unranked,Laboratory Equipment,United States,pub_012,Genomic Signature of an Avian Lilliput Effect across the K-Pg Extinction,Dino-killing Asteroid's Impact on Bird Evolution,http://www.laboratoryequipment.com/news/2017/09/dino-killing-asteroids-impact-bird-evolution
2026-02-16_mentions_10.1093_sysbio.syx064__74,2017-09-22T15:40:00,2017-Q3,2017-08-15,,,,unresolved,,,sciencenewsline.com,,unmatched,0,0.0,0.0,unranked,Science Newsline,Japan,pub_012,Genomic Signature of an Avian Lilliput Effect across the K-Pg Extinction,Dino-killing Asteroid's Impact on Bird Evolution,http://www.sciencenewsline.com/news/2017092215400012.html
2026-02-16_mentions_10.1093_sysbio.syx064__73,2017-09-24T13:05:46,2017-Q3,2017-08-15,,,,unresolved,,,astrobio.net,,unmatched,0,0.0,0.0,unranked,Astrobiology Magazine,United States,pub_012,Genomic Signature of an Avian Lilliput Effect across the K-Pg Extinction,Dino-killing asteroid’s impact on bird evolution,https://www.astrobio.net/also-in-news/dino-killing-asteroids-impact-bird-evolution/
2026-02-16_mentions_10.1093_sysbio.syx064__72,2017-09-25T13:37:02,2017-Q3,2017-08-15,,,,unresolved,,,futurity.org,,unmatched,0,0.0,0.0,unranked,Futurity,United States,pub_012,Genomic Signature of an Avian Lilliput Effect across the K-Pg Extinction,Meteor that killed dinos may have sped up bird evolution - Futurity,http://www.futurity.org/dinosaur-extinction-birds-evolution-1553422/
2026-02-16_mentions_10.1038_nature19417__6,2018-04-20T15:05:28,2018-Q2,2018-05-15,,,,unresolved,,,smithsonianmag.com,,unmatched,0,0.0,0.0,unranked,Smithsonian Magazine,United States,pub_002,A comprehensive phylogeny of birds (Aves) using targeted next-generation DNA sequencing,What We Can Learn From a New Bird Tree of Life,https://www.smithsonianmag.com/science-nature/what-we-can-learn-new-bird-tree-life-180968849/
2026-02-16_mentions_10.1016_j.cub.2018.04.062__392,2018-05-24T00:00:00,2018-Q2,2018-05-15,,,,unresolved,,,actionnewsnow.com,,unmatched,0,0.0,0.0,unranked,Action News Now,United States,pub_007,Early Evolution of Modern Birds Structured by Global Forest Collapse at the End-Cretaceous Mass Extinction,These were the unlikely survivors after dinosaurs went extinct,http://www.actionnewsnow.com/content/national/483615341.html?ref=341
2026-02-16_mentions_10.1016_j.cub.2018.04.062__390,2018-05-24T04:00:00,2018-Q2,2018-05-15,,,,unresolved,,,eurekalert.org,,unmatched,0,0.0,0.0,unranked,EurekAlert!,United States,pub_007,Early Evolution of Modern Birds Structured by Global Forest Collapse at the End-Cretaceous Mass Extinction,"When the dinosaurs died, so did forests -- and tree-dwelling birds",https://www.eurekalert.org/pub_releases/2018-05/fm-wtd051718.php
2026-02-16_mentions_10.1016_j.cub.2018.04.062__391,2018-05-24T04:00:00,2018-Q2,2018-05-15,,,,unresolved,,,eurekalert.org,,unmatched,0,0.0,0.0,unranked,EurekAlert!,United States,pub_007,Early Evolution of Modern Birds Structured by Global Forest Collapse at the End-Cretaceous Mass Extinction,What the asteroid that wiped out dinosaurs meant for birds,https://www.eurekalert.org/pub_releases/2018-05/cp-wta051718.php
2026-02-16_mentions_10.1016_j.cub.2018.04.062__389,2018-05-24T11:00:00,2018-Q2,2018-05-15,,,,unresolved,,,theatlantic.com,,unmatched,0,0.0,0.0,unranked,The Atlantic,United States,pub_007,Early Evolution of Modern Birds Structured by Global Forest Collapse at the End-Cretaceous Mass Extinction,The Asteroid That Smote the Dinosaurs Burned the Birds Out of Trees,https://www.theatlantic.com/science/archive/2018/05/dinosaurs-asteroids-goodbye-birds-trees/561110/
2026-02-16_mentions_10.1016_j.cub.2018.04.062__388,2018-05-24T14:56:05,2018-Q2,2018-05-15,,,,unresolved,,,insidescience.org,,unmatched,0,0.0,0.0,unranked,Inside Science,United States,pub_007,Early Evolution of Modern Birds Structured by Global Forest Collapse at the End-Cretaceous Mass Extinction,BRIEF: First Tree-Dwelling Birds Died with the Dinosaurs,https://www.insidescience.org/news/brief-first-tree-dwelling-birds-died-dinosaurs
2026-02-16_mentions_10.1016_j.cub.2018.04.062__383,2018-05-24T15:00:00,2018-Q2,2018-05-15,,,,unresolved,,,elconfidencial.com,,unmatched,0,0.0,0.0,unranked,El Confidencial,Spain,pub_007,Early Evolution of Modern Birds Structured by Global Forest Collapse at the End-Cretaceous Mass Extinction,Así sobrevivieron estos pájaros al temible meteorito que acabó con los dinosaurios,https://www.elconfidencial.com/tecnologia/ciencia/2018-05-24/meteorito-dinosaurios-aves-bosque-estudio_1568454/
2026-02-16_mentions_10.1016_j.cub.2018.04.062__384,2018-05-24T15:00:00,2018-Q2,2018-05-15,,,,unresolved,,,uk.news.yahoo.com,,unmatched,0,0.0,0.0,unranked,Yahoo! News,United States,pub_007,Early Evolution of Modern Birds Structured by Global Forest Collapse at the End-Cretaceous Mass Extinction,"Only flightless birds survived dinosaur meteor strike, scientists believe",https://uk.news.yahoo.com/only-flightless-birds-survived-dinosaur-150000701.html
2026-02-16_mentions_10.1016_j.cub.2018.04.062__385,2018-05-24T15:00:00,2018-Q2,2018-05-15,,,,unresolved,,,irishexaminer.com,,unmatched,0,0.0,0.0,unranked,Irish Examiner,Ireland,pub_007,Early Evolution of Modern Birds Structured by Global Forest Collapse at the End-Cretaceous Mass Extinction,"Only flightless birds survived dinosaur meteor strike, scientists believe",https://www.irishexaminer.com/breakingnews/world/only-flightless-birds-survived-dinosaur-meteor-strike-scientists-believe-844914.html
2026-02-16_mentions_10.1016_j.cub.2018.04.062__387,2018-05-24T15:00:00,2018-Q2,2018-05-15,,,,unresolved,,,inverse.com,,unmatched,0,0.0,0.0,unranked,Inverse,United States,pub_007,Early Evolution of Modern Birds Structured by Global Forest Collapse at the End-Cretaceous Mass Extinction,The Asteroid That Obliterated the Dinosaurs Couldn't Kill These Lucky Birds,https://www.inverse.com/article/45178-dinosaurs-birds-descendants-asteroid-extinction
2026-02-16_mentions_10.1016_j.cub.2018.04.062__382,2018-05-24T15:00:02,2018-Q2,2018-05-15,,,,unresolved,,,ibtimes.com,,unmatched,0,0.0,0.0,unranked,International Business Times,United States,pub_007,Early Evolution of Modern Birds Structured by Global Forest Collapse at the End-Cretaceous Mass Extinction,Arboreal Birds Died Alongside Dinosaurs And Trees In Chicxulub Asteroid Strike’s Aftermath,http://www.ibtimes.com/arboreal-birds-died-alongside-dinosaurs-trees-chicxulub-asteroid-strikes-aftermath-2684115
2026-02-16_mentions_10.1016_j.cub.2018.04.062__381,2018-05-24T15:00:15,2018-Q2,2018-05-15,,,,unresolved,,,blogs.discovermagazine.com,,unmatched,0,0.0,0.0,unranked,Discover Magazine,United States,pub_007,Early Evolution of Modern Birds Structured by Global Forest Collapse at the End-Cretaceous Mass Extinction,"Dinosaur Doom Almost Wiped Birds Out, Too - Dead Things",http://blogs.discovermagazine.com/deadthings/?p=2306
2026-02-16_mentions_10.1016_j.cub.2018.04.062__378,2018-05-24T15:00:37,2018-Q2,2018-05-15,,,,unresolved,,,wissenschaft.de,,unmatched,0,0.0,0.0,unranked,wissenschaft.de,Germany,pub_007,Early Evolution of Modern Birds Structured by Global Forest Collapse at the End-Cretaceous Mass Extinction,Kreidezeit-Inferno: Was geschah mit den Vögeln? - wissenschaft.de,https://www.wissenschaft.de/umwelt-natur/kreidezeit-inferno-was-geschah-mit-den-voegeln/
2026-02-16_mentions_10.1016_j.cub.2018.04.062__377,2018-05-24T15:02:00,2018-Q2,2018-05-15,,,,unresolved,,,azfamily.com,,unmatched,0,0.0,0.0,unranked,azfamily.com,United States,pub_007,Early Evolution of Modern Birds Structured by Global Forest Collapse at the End-Cretaceous Mass Extinction,These were the unlikely survivors after dinosaurs went extinct,http://www.azfamily.com/story/38259863/these-were-the-unlikely-survivors-after-dinosaurs-went-extinct
2026-02-16_mentions_10.1016_j.cub.2018.04.062__373,2018-05-24T15:03:52,2018-Q2,2018-05-15,,,,unresolved,,,cnn.com,,unmatched,0,0.0,0.0,unranked,CNN News,United States,pub_007,Early Evolution of Modern Birds Structured by Global Forest Collapse at the End-Cretaceous Mass Extinction,These were the unlikely survivors after dinosaurs went extinct,https://www.cnn.com/2018/05/24/world/birds-dinosaur-extinction-asteroid-event-study/index.html
2026-02-16_mentions_10.1016_j.cub.2018.04.062__372,2018-05-24T15:05:00,2018-Q2,2018-05-15,,,,unresolved,,,sciencemag.org,,unmatched,0,0.0,0.0,unranked,Science/AAAS,United States,pub_007,Early Evolution of Modern Birds Structured by Global Forest Collapse at the End-Cretaceous Mass Extinction,Quaillike creatures were the only birds to survive the dinosaur-killing asteroid impact,http://www.sciencemag.org/news/2018/05/quaillike-creature-was-only-bird-survive-dinosaur-killing-asteroid-impact
2026-02-16_mentions_10.1016_j.cub.2018.04.062__371,2018-05-24T15:08:08,2018-Q2,2018-05-15,,,,unresolved,,,theconversation.com,,unmatched,0,0.0,0.0,unranked,The Conversation,Australia,pub_007,Early Evolution of Modern Birds Structured by Global Forest Collapse at the End-Cretaceous Mass Extinction,How birds survived the dinosaur-killing asteroid,http://theconversation.com/how-birds-survived-the-dinosaur-killing-asteroid-97021
2026-02-16_mentions_10.1038_nature15697__355,2018-05-24T15:08:08,2018-Q2,2018-05-15,,,,unresolved,,,theconversation.com,,unmatched,0,0.0,0.0,unranked,The Conversation,Australia,pub_002,A comprehensive phylogeny of birds (Aves) using targeted next-generation DNA sequencing,How birds survived the dinosaur-killing asteroid,http://theconversation.com/how-birds-survived-the-dinosaur-killing-asteroid-97021
2026-02-16_mentions_10.1093_sysbio.syx064__43,2018-05-24T15:08:08,2018-Q2,2018-05-15,,,,unresolved,,,theconversation.com,,unmatched,0,0.0,0.0,unranked,The Conversation,Australia,pub_012,Genomic Signature of an Avian Lilliput Effect across the K-Pg Extinction,How birds survived the dinosaur-killing asteroid,http://theconversation.com/how-birds-survived-the-dinosaur-killing-asteroid-97021
2026-02-16_mentions_10.1016_j.cub.2018.04.062__367,2018-05-24T15:13:09,2018-Q2,2018-05-15,,,,unresolved,,,smithsonianmag.com,,unmatched,0,0.0,0.0,unranked,Smithsonian Magazine,United States,pub_007,Early Evolution of Modern Birds Structured by Global Forest Collapse at the End-Cretaceous Mass Extinction,How the Ancestors of Birds Survived the Dino-Killing Asteroid,https://www.smithsonianmag.com/science-nature/how-ancestors-birds-survived-dino-killing-asteroid-180969167/
2026-02-16_mentions_10.1016_j.cub.2018.04.062__365,2018-05-24T15:22:26,2018-Q2,2018-05-15,,,,unresolved,,,phys.org,,unmatched,0,0.0,0.0,unranked,Phys.org,United Kingdom,pub_007,Early Evolution of Modern Birds Structured by Global Forest Collapse at the End-Cretaceous Mass Extinction,"When the dinosaurs died, so did forests—and tree-dwelling birds",https://phys.org/news/2018-05-dinosaurs-died-forestsand-tree-dwelling-birds.html
2026-02-16_mentions_10.1016_j.cub.2018.04.062__357,2018-05-24T15:34:05,2018-Q2,2018-05-15,,,,unresolved,,,ria.ru,,unmatched,0,0.0,0.0,unranked,??? ???????,Russia,pub_007,Early Evolution of Modern Birds Structured by Global Forest Collapse at the End-Cretaceous Mass Extinction,"???????????? ??????? ????? ????? ""?????????-??????"" ??????????",https://ria.ru/science/20180524/1521292130.html?referrer_block=index_archive_3
2026-02-16_mentions_10.1016_j.cub.2018.04.062__353,2018-05-24T15:40:46,2018-Q2,2018-05-15,,,,unresolved,,,europapress.es,,unmatched,0,0.0,0.0,unranked,Europa Press,Spain,pub_007,Early Evolution of Modern Birds Structured by Global Forest Collapse at the End-Cretaceous Mass Extinction,Aves de suelo se salvaron del evento que extinguió a los dinosaurios,http://www.europapress.es/ciencia/ruinas-y-fosiles/noticia-aves-suelo-salvaron-evento-extinguio-dinosaurios-20180524174046.html
2026-02-16_mentions_10.1016_j.cub.2018.04.062__350,2018-05-24T15:45:27,2018-Q2,2018-05-15,,,,unresolved,,,news.yale.edu,,unmatched,0,0.0,0.0,unranked,Yale News,United States,pub_007,Early Evolution of Modern Birds Structured by Global Forest Collapse at the End-Cretaceous Mass Extinction,"Modern birds evolved from ground-dwelling ancestor, after asteroid hit",https://news.yale.edu/2018/05/24/modern-birds-evolved-ground-dwelling-ancestor-after-asteroid-hit
2026-02-16_mentions_10.1016_j.cub.2018.04.062__348,2018-05-24T15:47:07,2018-Q2,2018-05-15,,,,unresolved,,,pnn.de,,unmatched,0,0.0,0.0,unranked,Potsdamer Neueste Nachrichten,Germany,pub_007,Early Evolution of Modern Birds Structured by Global Forest Collapse at the End-Cretaceous Mass Extinction,Überleben nach dem Einschlag - Nachrichten aus Wissenschaft & Forschung,http://www.pnn.de/wissen/1286959/
2026-02-16_mentions_10.1016_j.cub.2018.04.062__349,2018-05-24T15:47:07,2018-Q2,2018-05-15,,,,unresolved,,,tagesspiegel.de,,unmatched,0,0.0,0.0,unranked,Der Tagesspiegel,Germany,pub_007,Early Evolution of Modern Birds Structured by Global Forest Collapse at the End-Cretaceous Mass Extinction,Überleben nach dem Einschlag,http://www.tagesspiegel.de/wissen/die-evolution-der-voegel-ueberleben-nach-dem-einschlag/22599752.html
2026-02-16_mentions_10.1016_j.cub.2018.04.062__340,2018-05-24T16:06:37,2018-Q2,2018-05-15,,,,unresolved,,,derstandard.at,,unmatched,0,0.0,0.0,unranked,Der Standard,Austria,pub_007,Early Evolution of Modern Birds Structured by Global Forest Collapse at the End-Cretaceous Mass Extinction,Nur wenige Vögel entkamen dem Weltenbrand,https://derstandard.at/2000080366398/Nur-wenige-Voegel-entkamen-dem-Weltenbrand?ref=rss
2026-02-16_mentions_10.1016_j.cub.2018.04.062__329,2018-05-24T16:54:46,2018-Q2,2018-05-15,,,,unresolved,,,scientias.nl,,unmatched,0,0.0,0.0,unranked,Scientias,Netherlands,pub_007,Early Evolution of Modern Birds Structured by Global Forest Collapse at the End-Cretaceous Mass Extinction,In bomen levende vogels stierven samen met de dino’s uit,https://www.scientias.nl/in-bomen-levende-vogels-stierven-samen-met-de-dinos-uit/
2026-02-16_mentions_10.1016_j.cub.2018.04.062__322,2018-05-24T17:51:25,2018-Q2,2018-05-15,,,,unresolved,,,home.bt.com,,unmatched,0,0.0,0.0,unranked,BT News,United Kingdom,pub_007,Early Evolution of Modern Birds Structured by Global Forest Collapse at the End-Cretaceous Mass Extinction,"Only flightless birds survived dinosaur meteor strike, scientists believe",http://home.bt.com/news/science-news/only-flightless-birds-survived-dinosaur-meteor-strike-scientists-believe-11364273997631
2026-02-16_mentions_10.1016_j.cub.2018.04.062__315,2018-05-24T18:05:55,2018-Q2,2018-05-15,,,,unresolved,,,news.cornell.edu,,unmatched,0,0.0,0.0,unranked,Cornell Chronicle,United States,pub_007,Early Evolution of Modern Birds Structured by Global Forest Collapse at the End-Cretaceous Mass Extinction,Asteroid impact grounded bird ancestors,http://news.cornell.edu/stories/2018/05/asteroid-impact-grounded-bird-ancestors
2026-02-16_mentions_10.1016_j.cub.2018.04.062__313,2018-05-24T18:09:10,2018-Q2,2018-05-15,,,,unresolved,,,uk.news.yahoo.com,,unmatched,0,0.0,0.0,unranked,Yahoo! News,United States,pub_007,Early Evolution of Modern Birds Structured by Global Forest Collapse at the End-Cretaceous Mass Extinction,Ancestor of all living birds survived asteroid strike because it couldn't fly,https://uk.news.yahoo.com/ancestor-living-birds-survived-asteroid-180910801.html
2026-02-16_mentions_10.1016_j.cub.2018.04.062__312,2018-05-24T18:17:36,2018-Q2,2018-05-15,,,,unresolved,,,sciencedaily.com,,unmatched,0,0.0,0.0,unranked,Science Daily,United States,pub_007,Early Evolution of Modern Birds Structured by Global Forest Collapse at the End-Cretaceous Mass Extinction,"When the dinosaurs died, so did forests -- and tree-dwelling birds",https://www.sciencedaily.com/releases/2018/05/180524141736.htm
2026-02-16_mentions_10.1016_j.cub.2018.04.062__311,2018-05-24T18:20:22,2018-Q2,2018-05-15,,,,unresolved,,,ca.news.yahoo.com,,unmatched,0,0.0,0.0,unranked,Yahoo! News,United States,pub_007,Early Evolution of Modern Birds Structured by Global Forest Collapse at the End-Cretaceous Mass Extinction,Ancestor of all living birds survived asteroid strike because it couldn't fly,https://ca.news.yahoo.com/ancestor-living-birds-survived-asteroid-180910801.html
2026-02-16_mentions_10.1016_j.cub.2018.04.062__304,2018-05-24T18:52:10,2018-Q2,2018-05-15,,,,unresolved,,,svt.se,,unmatched,0,0.0,0.0,unranked,SVT,Sweden,pub_007,Early Evolution of Modern Birds Structured by Global Forest Collapse at the End-Cretaceous Mass Extinction,Ny studie: Fåglar härstammar från överlevande dinosaurier,https://www.svt.se/nyheter/vetenskap/ny-studie-faglar-harstammar-fran-overlevande-dinosaurier
2026-02-16_mentions_10.1016_j.cub.2018.04.062__300,2018-05-24T19:15:53,2018-Q2,2018-05-15,,,,unresolved,,,longroom.com,,unmatched,0,0.0,0.0,unranked,Long Room,United States,pub_007,Early Evolution of Modern Birds Structured by Global Forest Collapse at the End-Cretaceous Mass Extinction,"When the dinosaurs died, so did forests -- and tree-dwelling birds",https://www.longroom.com/discussion/1035756/when-the-dinosaurs-died-so-did-forests-and-tree-dwelling-birds
2026-02-16_mentions_10.1016_j.cub.2018.04.062__289,2018-05-24T20:20:12,2018-Q2,2018-05-15,,,,unresolved,,,newswise.com,,unmatched,0,0.0,0.0,unranked,Newswise,United States,pub_007,Early Evolution of Modern Birds Structured by Global Forest Collapse at the End-Cretaceous Mass Extinction,Asteroid Impact Grounded Bird Ancestors,http://www.newswise.com/articles/view/695116/?sc=rsla
2026-02-16_mentions_10.1016_j.cub.2018.04.062__285,2018-05-24T20:35:50,2018-Q2,2018-05-15,,,,unresolved,,,the-scientist.com,,unmatched,0,0.0,0.0,unranked,The Scientist Magazine,Canada,pub_007,Early Evolution of Modern Birds Structured by Global Forest Collapse at the End-Cretaceous Mass Extinction,Present-Day Arboreal Birds Have Ground-Dwelling Past,http://www.the-scientist.com/?articles.view%2FarticleNo%2F54653%2Ftitle%2FPresent-Day-Arboreal-Birds-Have-Ground-Dwelling-Past%2F
2026-02-16_mentions_10.1016_j.cub.2018.04.062__270,2018-05-24T21:44:51,2018-Q2,2018-05-15,,,,unresolved,,,sciencenews.org,,unmatched,0,0.0,0.0,unranked,Science News,United States,pub_007,Early Evolution of Modern Birds Structured by Global Forest Collapse at the End-Cretaceous Mass Extinction,How birds may have escaped the dino-killing asteroid impact,https://www.sciencenews.org/article/how-birds-may-have-escaped-dino-killing-asteroid-impact
2026-02-16_mentions_10.1016_j.cub.2018.04.062__252,2018-05-24T23:09:00,2018-Q2,2018-05-15,,,,unresolved,,,heraldmailmedia.com,,unmatched,0,0.0,0.0,unranked,Herald Mail Media,United States,pub_007,Early Evolution of Modern Birds Structured by Global Forest Collapse at the End-Cretaceous Mass Extinction,Asteroid that wiped out the dinosaurs also shaped the evolution of birds,https://www.heraldmailmedia.com/news/nation/asteroid-that-wiped-out-the-dinosaurs-also-shaped-the-evolution/article_fb0b31b3-b497-5f11-8995-b41318a39bc9.html
2026-02-16_mentions_10.1016_j.cub.2018.04.062__253,2018-05-24T23:09:00,2018-Q2,2018-05-15,,,,unresolved,,,theeagle.com,,unmatched,0,0.0,0.0,unranked,The Eagle,United States,pub_007,Early Evolution of Modern Birds Structured by Global Forest Collapse at the End-Cretaceous Mass Extinction,Asteroid that wiped out the dinosaurs also shaped the evolution of birds,http://www.theeagle.com/news/nation/asteroid-that-wiped-out-the-dinosaurs-also-shaped-the-evolution/article_db846285-8739-5f34-a184-36163841761a.html
2026-02-16_mentions_10.1016_j.cub.2018.04.062__246,2018-05-25T00:00:00,2018-Q2,2018-05-15,,,,unresolved,,,business-standard.com,,unmatched,0,0.0,0.0,unranked,Business Standard,India,pub_007,Early Evolution of Modern Birds Structured by Global Forest Collapse at the End-Cretaceous Mass Extinction,First tree-dwelling birds went extinct with dinosaurs: Study,http://www.business-standard.com/article/news-ians/first-tree-dwelling-birds-went-extinct-with-dinosaurs-study-118052500714_1.html
2026-02-16_mentions_10.1016_j.cub.2018.04.062__243,2018-05-25T00:24:48,2018-Q2,2018-05-15,,,,unresolved,,,arcamax.com,,unmatched,0,0.0,0.0,unranked,Arcamax,United States,pub_007,Early Evolution of Modern Birds Structured by Global Forest Collapse at the End-Cretaceous Mass Extinction,Asteroid that wiped out the dinosaurs also shaped the evolution of birds,http://www.arcamax.com/currentnews/newsheadlines/s-2084143
2026-02-16_mentions_10.1016_j.cub.2018.04.062__224,2018-05-25T03:38:55,2018-Q2,2018-05-15,,,,unresolved,,,sciencealert.com,,unmatched,0,0.0,0.0,unranked,Science Alert,United States,pub_007,Early Evolution of Modern Birds Structured by Global Forest Collapse at the End-Cretaceous Mass Extinction,The Few Birds That Survived The Dinosaur Extinction Had an Unexpected Advantage,http://www.sciencealert.com/only-birds-survive-dinosaur-asteroid-strike-may-have-looked-like-quails
2026-02-16_mentions_10.1016_j.cub.2018.04.062__217,2018-05-25T04:00:00,2018-Q2,2018-05-15,,,,unresolved,,,labmanager.com,,unmatched,0,0.0,0.0,unranked,Lab Manager,United States,pub_007,Early Evolution of Modern Birds Structured by Global Forest Collapse at the End-Cretaceous Mass Extinction,"When the Dinosaurs Died, so Did Forests—and Tree-Dwelling Birds | Lab Manager",http://www.labmanager.com/news/2018/05/when-the-dinosaurs-died-so-did-forests-and-tree-dwelling-birds
2026-02-16_mentions_10.1016_j.cub.2018.04.062__210,2018-05-25T05:20:25,2018-Q2,2018-05-15,,,,unresolved,,,feedproxy.google.com,,unmatched,0,0.0,0.0,unranked,Technology.org,United States,pub_007,Early Evolution of Modern Birds Structured by Global Forest Collapse at the End-Cretaceous Mass Extinction,Asteroid impact grounded bird ancestors,http://feedproxy.google.com/~r/TechnologyOrg/~3/GXju_OnAjGE/
2026-02-16_mentions_10.1016_j.cub.2018.04.062__203,2018-05-25T06:27:30,2018-Q2,2018-05-15,,,,unresolved,,,naked-science.ru,,unmatched,0,0.0,0.0,unranked,Naked Science,Russia,pub_007,Early Evolution of Modern Birds Structured by Global Forest Collapse at the End-Cretaceous Mass Extinction,"?????? ????????, ????? ????? ?????? ???????? ????????? ??????????",https://naked-science.ru/article/sci/uchenye-vyyasnili-kakie-pticy-sumeli?alm_mvr=0
2026-02-16_mentions_10.1016_j.cub.2018.04.062__199,2018-05-25T07:37:39,2018-Q2,2018-05-15,,,,unresolved,,,radionz.co.nz,,unmatched,0,0.0,0.0,unranked,Radio New Zealand,New Zealand,pub_007,Early Evolution of Modern Birds Structured by Global Forest Collapse at the End-Cretaceous Mass Extinction,How birds survived asteroid strike wipe-out,http://www.radionz.co.nz/news/world/358241/how-birds-survived-asteroid-strike-wipe-out
2026-02-16_mentions_10.1016_j.cub.2018.04.062__193,2018-05-25T09:00:05,2018-Q2,2018-05-15,,,,unresolved,,,greenreport.it,,unmatched,0,0.0,0.0,unranked,Green Report (Italy),Italy,pub_007,Early Evolution of Modern Birds Structured by Global Forest Collapse at the End-Cretaceous Mass Extinction,Ecco come hanno fatto gli uccelli a sopravvivere all’asteroide che ha estinto i dinosauri - Greenreport: economia ecologica e sviluppo sostenibile,http://www.greenreport.it/news/aree-protette-e-biodiversita/ecco-come-hanno-fatto-gli-uccelli-a-sopravvivere-allasteroide-che-ha-estinto-i-dinosauri/
2026-02-16_mentions_10.1016_j.cub.2018.04.062__189,2018-05-25T09:36:00,2018-Q2,2018-05-15,,,,unresolved,,,canindia.com,,unmatched,0,0.0,0.0,unranked,CanIndia,Canada,pub_007,Early Evolution of Modern Birds Structured by Global Forest Collapse at the End-Cretaceous Mass Extinction,First tree-dwelling birds went extinct with dinosaurs: Study,http://www.canindia.com/first-tree-dwelling-birds-went-extinct-with-dinosaurs-study/
2026-02-16_mentions_10.1016_j.cub.2018.04.062__188,2018-05-25T09:36:04,2018-Q2,2018-05-15,,,,unresolved,,,in.news.yahoo.com,,unmatched,0,0.0,0.0,unranked,Yahoo! News,United States,pub_007,Early Evolution of Modern Birds Structured by Global Forest Collapse at the End-Cretaceous Mass Extinction,First tree-dwelling birds went extinct with dinosaurs: Study,https://in.news.yahoo.com/first-tree-dwelling-birds-went-extinct-dinosaurs-study-093604978.html
2026-02-16_mentions_10.1016_j.cub.2018.04.062__187,2018-05-25T09:42:34,2018-Q2,2018-05-15,,,,unresolved,,,daijiworld.com,,unmatched,0,0.0,0.0,unranked,Daijiworld.com,India,pub_007,Early Evolution of Modern Birds Structured by Global Forest Collapse at the End-Cretaceous Mass Extinction,First tree-dwelling birds went extinct with dinosaurs: Study,http://www.daijiworld.com/news/news_disp.asp?n_id=511096
2026-02-16_mentions_10.1016_j.cub.2018.04.062__179,2018-05-25T10:46:25,2018-Q2,2018-05-15,,,,unresolved,,,nationalgeographic.it,,unmatched,0,0.0,0.0,unranked,National Geographic,United States,pub_007,Early Evolution of Modern Birds Structured by Global Forest Collapse at the End-Cretaceous Mass Extinction,Così gli uccelli terricoli si salvarono dall’asteroide,http://www.nationalgeographic.it/scienza/2018/05/25/news/cosi_gli_uccelli_terricoli_si_salvarono_dall_asteroide-3995681/?rss
2026-02-16_mentions_10.1016_j.cub.2018.04.062__177,2018-05-25T11:27:16,2018-Q2,2018-05-15,,,,unresolved,,,economictimes.indiatimes.com,,unmatched,0,0.0,0.0,unranked,Times of India,India,pub_007,Early Evolution of Modern Birds Structured by Global Forest Collapse at the End-Cretaceous Mass Extinction,First tree-dwelling birds went extinct with dinosaurs: Study,https://economictimes.indiatimes.com/news/environment/flora-fauna/first-tree-dwelling-birds-went-extinct-with-dinosaurs-study/articleshow/64319618.cms
2026-02-16_mentions_10.1016_j.cub.2018.04.062__176,2018-05-25T11:44:53,2018-Q2,2018-05-15,,,,unresolved,,,newkerala.com,,unmatched,0,0.0,0.0,unranked,New Kerala,India,pub_007,Early Evolution of Modern Birds Structured by Global Forest Collapse at the End-Cretaceous Mass Extinction,First tree-dwelling birds went extinct with dinosaurs: Study,https://www.newkerala.com/news/read/1846/first-tree-dwelling-birds-went-extinct-with-dinosaurs-study.html
2026-02-16_mentions_10.1016_j.cub.2018.04.062__171,2018-05-25T12:53:52,2018-Q2,2018-05-15,,,,unresolved,,,msn.com,,unmatched,0,0.0,0.0,unranked,MSN,United States,pub_007,Early Evolution of Modern Birds Structured by Global Forest Collapse at the End-Cretaceous Mass Extinction,How dino-era birds survive the asteroid 'apocalypse',http://www.msn.com/en-sg/money/other/how-did-dino-era-birds-survive-the-asteroid-apocalypse/ar-AAxMIw9?srcref=rss
2026-02-16_mentions_10.1016_j.cub.2018.04.062__167,2018-05-25T14:31:23,2018-Q2,2018-05-15,,,,unresolved,,,uk.news.yahoo.com,,unmatched,0,0.0,0.0,unranked,Yahoo! News,United States,pub_007,Early Evolution of Modern Birds Structured by Global Forest Collapse at the End-Cretaceous Mass Extinction,Only a Handful of Birds Survived the Dinosaur Killing Asteroid—Now Scientists Have Worked Out Why,https://uk.news.yahoo.com/only-handful-birds-survived-dinosaur-143123303.html
2026-02-16_mentions_10.1016_j.cub.2018.04.062__165,2018-05-25T14:53:00,2018-Q2,2018-05-15,,,,unresolved,,,futura-sciences.com,,unmatched,0,0.0,0.0,unranked,Futura-Sciences,France,pub_007,Early Evolution of Modern Birds Structured by Global Forest Collapse at the End-Cretaceous Mass Extinction,Extinction des dinosaures : pourquoi certains oiseaux ont survécu,https://www.futura-sciences.com/planete/actualites/dinosaure-extinction-dinosaures-certains-oiseaux-ont-survecu-71372/#xtor=RSS-8
2026-02-16_mentions_10.1016_j.cub.2018.04.062__164,2018-05-25T16:33:54,2018-Q2,2018-05-15,,,,unresolved,,,gazeta.ru,,unmatched,0,0.0,0.0,unranked,Gazeta.ru,Russia,pub_007,Early Evolution of Modern Birds Structured by Global Forest Collapse at the End-Cretaceous Mass Extinction,"??????????? ????: ????????? ???????, ???? - ????????",https://www.gazeta.ru/science/2018/05/25_a_11764303.shtml
2026-02-16_mentions_10.1016_j.cub.2018.04.062__160,2018-05-25T17:57:33,2018-Q2,2018-05-15,,,,unresolved,,,scitechdaily.com,,unmatched,0,0.0,0.0,unranked,Scitech Daily,United States,pub_007,Early Evolution of Modern Birds Structured by Global Forest Collapse at the End-Cretaceous Mass Extinction,All Modern Birds Evolved From The Same Common Ancestor,https://scitechdaily.com/all-modern-birds-evolved-from-the-same-common-ancestor/
2026-02-16_mentions_10.1016_j.cub.2018.04.062__159,2018-05-25T18:35:17,2018-Q2,2018-05-15,,,,unresolved,,,yahoo.com,,unmatched,0,0.0,0.0,unranked,Yahoo!,United States,pub_007,Early Evolution of Modern Birds Structured by Global Forest Collapse at the End-Cretaceous Mass Extinction,These were the only birds that survived the dinosaur-killing asteroid,https://www.yahoo.com/tech/were-only-birds-survived-dinosaur-killing-asteroid-183517338.html
2026-02-16_mentions_10.1016_j.cub.2018.04.062__148,2018-05-26T06:52:08,2018-Q2,2018-05-15,,,,unresolved,,,siasat.com,,unmatched,0,0.0,0.0,unranked,The Siasat Daily,India,pub_007,Early Evolution of Modern Birds Structured by Global Forest Collapse at the End-Cretaceous Mass Extinction,First tree-dwelling birds went extinct with dinosaurs: Study,https://www.siasat.com/news/first-tree-dwelling-birds-went-extinct-dinosaurs-study-1360506/
2026-02-16_mentions_10.1016_j.cub.2018.04.062__146,2018-05-26T09:00:15,2018-Q2,2018-05-15,,,,unresolved,,,zap.aeiou.pt,,unmatched,0,0.0,0.0,unranked,ZAP,Portugal,pub_007,Early Evolution of Modern Birds Structured by Global Forest Collapse at the End-Cretaceous Mass Extinction,Asteroide que eliminou os dinossauros também influenciou as aves,https://zap.aeiou.pt/asteroide-eliminou-dinossauros-aves-203757
2026-02-16_mentions_10.1016_j.cub.2018.04.062__143,2018-05-26T13:29:20,2018-Q2,2018-05-15,,,,unresolved,,,yle.fi,,unmatched,0,0.0,0.0,unranked,Yle.fi,Finland,pub_007,Early Evolution of Modern Birds Structured by Global Forest Collapse at the End-Cretaceous Mass Extinction,Tutkimus: Dinosaurukset tappanut asteroidi tuhosi myös metsät – kaikilla säilyneillä lintulajeilla oli erityinen taito,https://yle.fi/uutiset/3-10224977?origin=rss
2026-02-16_mentions_10.1016_j.cub.2018.04.062__137,2018-05-27T08:42:48,2018-Q2,2018-05-15,,,,unresolved,,,en.farsnews.com,,unmatched,0,0.0,0.0,unranked,Fars News Agency,"Iran, Islamic Republic of",pub_007,Early Evolution of Modern Birds Structured by Global Forest Collapse at the End-Cretaceous Mass Extinction,"When Dinosaurs Died, so Did Forests, Tree-Dwelling Birds",http://en.farsnews.com/newstext.aspx?nn=13970306000288
2026-02-16_mentions_10.1016_j.cub.2018.04.062__135,2018-05-27T11:38:48,2018-Q2,2018-05-15,,,,unresolved,,,inquisitr.com,,unmatched,0,0.0,0.0,unranked,The Inquisitr,United States,pub_007,Early Evolution of Modern Birds Structured by Global Forest Collapse at the End-Cretaceous Mass Extinction,New Study Reveals Which Birds Survived The Dinosaur-Killing Chicxulub Asteroid,https://www.inquisitr.com/4916274/new-study-reveals-which-birds-survived-the-dinosaur-killing-chicxulub-asteroid/
2026-02-16_mentions_10.1016_j.cub.2018.04.062__134,2018-05-27T12:40:00,2018-Q2,2018-05-15,,,,unresolved,,,timescolonist.com,,unmatched,0,0.0,0.0,unranked,Times Colonist,Canada,pub_007,Early Evolution of Modern Birds Structured by Global Forest Collapse at the End-Cretaceous Mass Extinction,Dino-killing asteroid also shaped bird evolution: study,http://www.timescolonist.com/islander/dino-killing-asteroid-also-shaped-bird-evolution-study-1.23315645
2026-02-16_mentions_10.1016_j.cub.2018.04.062__133,2018-05-27T13:12:41,2018-Q2,2018-05-15,,,,unresolved,,,actualidad.rt.com,,unmatched,0,0.0,0.0,unranked,RT Network,Russia,pub_007,Early Evolution of Modern Birds Structured by Global Forest Collapse at the End-Cretaceous Mass Extinction,Explican por qué pocas aves sobrevivieron a la caída del asteroide que acabó con los dinosaurios,https://actualidad.rt.com/actualidad/273198-aves-exterminio-dinosaurios-biologos
2026-02-16_mentions_10.1016_j.cub.2018.04.062__130,2018-05-28T04:59:00,2018-Q2,2018-05-15,,,,unresolved,,,es.paperblog.com,,unmatched,0,0.0,0.0,unranked,Paperblog,Spain,pub_007,Early Evolution of Modern Birds Structured by Global Forest Collapse at the End-Cretaceous Mass Extinction,¿Cómo sobrevivieron las aves al K/Pg?,https://es.paperblog.com/como-sobrevivieron-las-aves-al-kpg-4894916/
2026-02-16_mentions_10.1016_j.cub.2018.04.062__129,2018-05-28T05:57:00,2018-Q2,2018-05-15,,,,unresolved,,,msn.com,,unmatched,0,0.0,0.0,unranked,MSN,United States,pub_007,Early Evolution of Modern Birds Structured by Global Forest Collapse at the End-Cretaceous Mass Extinction,How modern-day dinosaurs survived the apocalypse,http://www.msn.com/en-in/news/techandscience/how-modern-day-dinosaurs-survived-the-apocalypse/ar-AAxUdTs?srcref=rss
2026-02-16_mentions_10.1016_j.cub.2018.04.062__128,2018-05-28T07:21:40,2018-Q2,2018-05-15,,,,unresolved,,,welt.de,,unmatched,0,0.0,0.0,unranked,Die Welt,Germany,pub_007,Early Evolution of Modern Birds Structured by Global Forest Collapse at the End-Cretaceous Mass Extinction,"„Chicxulub“: Der Asteroid, der alle Wälder der Erde auslöschte - WELT",https://www.welt.de/wissenschaft/article176735541/Chicxulub-Der-Asteroid-der-alle-Waelder-der-Erde-ausloeschte.html
2026-02-16_mentions_10.1016_j.cub.2018.04.062__124,2018-05-28T15:16:52,2018-Q2,2018-05-15,,,,unresolved,,,nypost.com,,unmatched,0,0.0,0.0,unranked,New York Post,United States,pub_007,Early Evolution of Modern Birds Structured by Global Forest Collapse at the End-Cretaceous Mass Extinction,These were the only birds to survive the dinosaur-killing asteroid,https://nypost.com/2018/05/28/these-were-the-only-creatures-to-survive-the-dinosaur-killing-asteroid/
2026-02-16_mentions_10.1016_j.cub.2018.04.062__122,2018-05-28T18:25:00,2018-Q2,2018-05-15,,,,unresolved,,,sott.net,,unmatched,0,0.0,0.0,unranked,Sign of the Times,United States,pub_007,Early Evolution of Modern Birds Structured by Global Forest Collapse at the End-Cretaceous Mass Extinction,Scientists think mostly ground-dwelling birds survived the dinosaur slaying asteroid,https://www.sott.net/article/386750-Scientists-think-mostly-ground-dwelling-birds-survived-the-dinosaur-slaying-asteroid
2026-02-16_mentions_10.1016_j.cub.2018.04.062__120,2018-05-29T05:04:00,2018-Q2,2018-05-15,,,,unresolved,,,nkj.ru,,unmatched,0,0.0,0.0,unranked,Science and Life Russia,Russia,pub_007,Early Evolution of Modern Birds Structured by Global Forest Collapse at the End-Cretaceous Mass Extinction,????????? ?????????? ????? ???????? ?? ?????,http://www.nkj.ru/news/33819/
2026-02-16_mentions_10.1016_j.cub.2018.04.062__119,2018-05-29T09:08:25,2018-Q2,2018-05-15,,,,unresolved,,,demorgen.be,,unmatched,0,0.0,0.0,unranked,De Morgen,Belgium,pub_007,Early Evolution of Modern Birds Structured by Global Forest Collapse at the End-Cretaceous Mass Extinction,Huidige vogelpopulatie is direct gevolg van meteorietinslag die de dino’s doodde,https://www.demorgen.be/wetenschap/huidige-vogelpopulatie-is-direct-gevolg-van-meteorietinslag-die-de-dino-s-doodde-bc07fbf4/
2026-02-16_mentions_10.1016_j.cub.2018.04.062__118,2018-05-29T11:57:06,2018-Q2,2018-05-15,,,,unresolved,,,astrobio.net,,unmatched,0,0.0,0.0,unranked,Astrobiology Magazine,United States,pub_007,Early Evolution of Modern Birds Structured by Global Forest Collapse at the End-Cretaceous Mass Extinction,"When the dinosaurs died, so did forests — and tree-dwelling birds",https://www.astrobio.net/also-in-news/when-the-dinosaurs-died-so-did-forests-and-tree-dwelling-birds/
2026-02-16_mentions_10.1016_j.cub.2018.04.062__116,2018-05-29T16:07:28,2018-Q2,2018-05-15,,,,unresolved,,,sg.hu,,unmatched,0,0.0,0.0,unranked,sg.hu,Hungary,pub_007,Early Evolution of Modern Birds Structured by Global Forest Collapse at the End-Cretaceous Mass Extinction,Kevés madár élte túl az óriási aszteroidát,http://sg.hu/cikk.php?cid=131431
2026-02-16_mentions_10.1016_j.cub.2018.04.062__115,2018-05-29T16:21:49,2018-Q2,2018-05-15,,,,unresolved,,,msn.com,,unmatched,0,0.0,0.0,unranked,MSN,United States,pub_007,Early Evolution of Modern Birds Structured by Global Forest Collapse at the End-Cretaceous Mass Extinction,How dino-era birds survive the asteroid 'apocalypse',https://www.msn.com/en-gb/news/world/how-did-dino-era-birds-survive-the-asteroid-apocalypse/ar-AAxYVy5?li=BBoPRmx
2026-02-16_mentions_10.1016_j.cub.2018.04.062__108,2018-05-30T12:43:41,2018-Q2,2018-05-15,,,,unresolved,,,feedproxy.google.com,,unmatched,0,0.0,0.0,unranked,Sci-News,United States,pub_007,Early Evolution of Modern Birds Structured by Global Forest Collapse at the End-Cretaceous Mass Extinction,"Dinosaur-Killing Asteroid Impact Devastated Forests, Wiped Out Tree-Dwelling Birds | Paleontology | Sci-News.com",http://feedproxy.google.com/~r/BreakingScienceNews/~3/o7T5H3TYq0g/dinosaur-killing-asteroid-impact-forests-tree-dwelling-birds-06049.html
2026-02-16_mentions_10.1016_j.cub.2018.04.062__106,2018-05-30T14:45:39,2018-Q2,2018-05-15,,,,unresolved,,,spacedaily.com,,unmatched,0,0.0,0.0,unranked,Space Daily,United States,pub_007,Early Evolution of Modern Birds Structured by Global Forest Collapse at the End-Cretaceous Mass Extinction,"When the dinosaurs died, so did forests and tree-dwelling birds",http://www.spacedaily.com/reports/When_the_dinosaurs_died_so_did_forests_and_tree_dwelling_birds_999.html
2026-02-16_mentions_10.1016_j.cub.2018.04.062__104,2018-05-31T13:38:25,2018-Q2,2018-05-15,,,,unresolved,,,minnpost.com,,unmatched,0,0.0,0.0,unranked,MinnPost,United States,pub_007,Early Evolution of Modern Birds Structured by Global Forest Collapse at the End-Cretaceous Mass Extinction,How did the 'dinosaur birds' survive? New findings trace a surprising story,https://www.minnpost.com/earth-journal/2018/05/how-did-dinosaur-birds-survive-new-findings-trace-surprising-story
2026-02-16_mentions_10.1016_j.cub.2018.04.062__98,2018-06-02T18:44:33,2018-Q2,2018-05-15,,,,unresolved,,,taipeitimes.com,,unmatched,0,0.0,0.0,unranked,Taipei Times,Taiwan,pub_007,Early Evolution of Modern Birds Structured by Global Forest Collapse at the End-Cretaceous Mass Extinction,Birds had to relearn flight after meteor wiped out dinosaurs<br /> ????????? ?????? - Taipei Times,http://www.taipeitimes.com/News/lang/archives/2018/06/03/2003694204
2026-02-16_mentions_10.1016_j.cub.2018.04.062__91,2018-06-06T18:00:05,2018-Q2,2018-05-15,,,,unresolved,,,animals.howstuffworks.com,,unmatched,0,0.0,0.0,unranked,HowStuffWorks,United States,pub_007,Early Evolution of Modern Birds Structured by Global Forest Collapse at the End-Cretaceous Mass Extinction,Today’s Birds Likely Evolved from Ground-Dwelling Feathered Dinosaurs,https://animals.howstuffworks.com/dinosaurs/todays-birds-likely-evolved-ground-dwelling-feathered-dinosaurs.htm#mkcpgn=rssnws1
2026-02-16_mentions_10.1016_j.cub.2018.04.062__87,2018-07-01T11:41:14,2018-Q3,2018-08-15,,,,unresolved,,,timesofmalta.com,,unmatched,0,0.0,0.0,unranked,Times of Malta,Malta,pub_007,Early Evolution of Modern Birds Structured by Global Forest Collapse at the End-Cretaceous Mass Extinction,Unearthing aspirin’s cancer-preventive mechanisms,https://www.timesofmalta.com/articles/view/20180701/life-features/unearthing-aspirins-cancer-preventive-mechanisms.683287
2026-02-16_mentions_10.1016_j.cub.2018.04.062__75,2018-10-02T18:34:02,2018-Q4,2018-11-15,,,,unresolved,,,yle.fi,,unmatched,0,0.0,0.0,unranked,Yle.fi,Finland,pub_007,Early Evolution of Modern Birds Structured by Global Forest Collapse at the End-Cretaceous Mass Extinction,"Tuore fossiililöytö hämmentää: Muinaisen linnun siivistä ei ollut läpsyttelyyn, silti se lensi | Yle Uutiset",https://yle.fi/uutiset/3-10224323?origin=rss
2026-02-16_mentions_10.1016_j.cub.2018.04.062__72,2018-11-14T08:07:18,2018-Q4,2018-11-15,,,,unresolved,,,naked-science.ru,,unmatched,0,0.0,0.0,unranked,Naked Science,Russia,pub_007,Early Evolution of Modern Birds Structured by Global Forest Collapse at the End-Cretaceous Mass Extinction,???????? ???????????? ????? ?????? ?? ???? ??????????? ????,https://naked-science.ru/article/sci/vymershie-enanciornisy-mogli-letat-ne?alm_mvr=0
2026-02-16_mentions_10.1038_nature15697__307,2019-02-27T16:08:39,2019-Q1,2019-02-15,,,,unresolved,,,businessinsider.sg,,unmatched,0,0.0,0.0,unranked,Business Insider Singapore,Singapore,pub_002,A comprehensive phylogeny of birds (Aves) using targeted next-generation DNA sequencing,10 birds that look eerily similar to their dinosaur ancestors,https://www.businessinsider.sg/birds-that-look-like-dinosaurs-2019-2/
2026-02-16_mentions_10.1038_nature15697__308,2019-02-27T16:08:39,2019-Q1,2019-02-15,,,,unresolved,,,businessinsider.com.au,,unmatched,0,0.0,0.0,unranked,Business Insider Australia,Australia,pub_002,A comprehensive phylogeny of birds (Aves) using targeted next-generation DNA sequencing,10 birds that look eerily similar to their dinosaur ancestors,https://www.businessinsider.com.au/birds-that-look-like-dinosaurs-2019-2
2026-02-16_mentions_10.1038_nature15697__295,2019-09-13T12:16:00,2019-Q3,2019-08-15,,,,unresolved,,,news.google.com,,unmatched,0,0.0,0.0,unranked,Google News,United States,pub_002,A comprehensive phylogeny of birds (Aves) using targeted next-generation DNA sequencing,Mass extinctions made life on Earth more diverse – and might again,https://news.google.com/__i/rss/rd/articles/CBMiYmh0dHA6Ly90aGVjb252ZXJzYXRpb24uY29tL21hc3MtZXh0aW5jdGlvbnMtbWFkZS1saWZlLW9uLWVhcnRoLW1vcmUtZGl2ZXJzZS1hbmQtbWlnaHQtYWdhaW4tMTIyMzUw0gFnaHR0cHM6Ly90aGVjb252ZXJzYXRpb24uY29tL2FtcC9tYXNzLWV4dGluY3Rpb25zLW1hZGUtbGlmZS1vbi1lYXJ0aC1tb3JlLWRpdmVyc2UtYW5kLW1pZ2h0LWFnYWluLTEyMjM1MA?oc=5
2026-02-16_mentions_10.1038_nature15697__294,2019-09-13T12:16:30,2019-Q3,2019-08-15,,,,unresolved,,,uk.news.yahoo.com,,unmatched,0,0.0,0.0,unranked,Yahoo! News,United States,pub_002,A comprehensive phylogeny of birds (Aves) using targeted next-generation DNA sequencing,Mass extinctions made life on Earth more diverse – and might again,https://uk.news.yahoo.com/mass-extinctions-made-life-earth-121630421.html
2026-02-16_mentions_10.1038_nature15697__292,2019-09-13T12:29:43,2019-Q3,2019-08-15,,,,unresolved,,,foreignaffairs.co.nz,,unmatched,0,0.0,0.0,unranked,Foreign Affairs New Zealand,New Zealand,pub_002,A comprehensive phylogeny of birds (Aves) using targeted next-generation DNA sequencing,MIL-OSI Global: Mass extinctions made life on Earth more diverse – and might again,https://foreignaffairs.co.nz/2019/09/14/mass-extinctions-made-life-on-earth-more-diverse-and-might-again-122350/
2026-02-16_mentions_10.1016_j.cub.2018.04.062__64,2019-09-14T03:47:09,2019-Q3,2019-08-15,,,,unresolved,,,guokr.com,,unmatched,0,0.0,0.0,unranked,Guokr.com,China,pub_007,Early Evolution of Modern Birds Structured by Global Forest Collapse at the End-Cretaceous Mass Extinction,????? “??”?“???”??????????????!? ??????????????????????????????????????? ????,https://www.guokr.com/article/443004
2026-02-16_mentions_10.1038_nature15697__291,2019-09-16T00:00:00,2019-Q3,2019-08-15,,,,unresolved,,,phys.org,,unmatched,0,0.0,0.0,unranked,Phys.org,United Kingdom,pub_002,A comprehensive phylogeny of birds (Aves) using targeted next-generation DNA sequencing,"Mass extinctions made life on Earth more diverse, and might again",https://phys.org/news/2019-09-mass-extinctions-life-earth-diverse.html
2026-02-16_mentions_10.1038_nature15697__290,2019-09-17T02:20:46,2019-Q3,2019-08-15,,,,unresolved,,,firstpost.com,,unmatched,0,0.0,0.0,unranked,Firstpost,India,pub_002,A comprehensive phylogeny of birds (Aves) using targeted next-generation DNA sequencing,Mass extinctions made life on Earth more diverse once and might do so again,http://www.firstpost.com/tech/science/mass-extinctions-made-life-on-earth-more-diverse-once-and-might-do-so-again-7352011.html
2026-02-16_mentions_10.1038_nature15697__289,2019-09-17T07:17:49,2019-Q3,2019-08-15,,,,unresolved,,,theconversation.com,,unmatched,0,0.0,0.0,unranked,The Conversation,Australia,pub_002,A comprehensive phylogeny of birds (Aves) using targeted next-generation DNA sequencing,Mass extinctions made life on Earth more diverse – and might again,https://theconversation.com/mass-extinctions-made-life-on-earth-more-diverse-and-might-again-122350
2026-02-16_mentions_10.1038_nature15697__288,2019-09-17T12:57:24,2019-Q3,2019-08-15,,,,unresolved,,,popsci.com,,unmatched,0,0.0,0.0,unranked,Popular Science,United States,pub_002,A comprehensive phylogeny of birds (Aves) using targeted next-generation DNA sequencing,Mass extinctions made life on Earth more diverse—and might again,https://www.popsci.com/mass-extinction-and-life-diversity/
2026-02-16_mentions_10.1038_nature15697__287,2019-09-17T18:00:03,2019-Q3,2019-08-15,,,,unresolved,,,feedproxy.google.com,,unmatched,0,0.0,0.0,unranked,Scroll India,India,pub_002,A comprehensive phylogeny of birds (Aves) using targeted next-generation DNA sequencing,Life on Earth needs mass extinctions to thrive and diversify,http://feedproxy.google.com/~r/scroll_in/~3/bvbUITNVvFw/life-on-earth-needs-mass-extinctions-to-thrive-and-diversify
2026-02-16_mentions_10.1016_j.cub.2018.04.062__61,2020-03-18T21:27:31,2020-Q1,2020-02-15,,,,unresolved,,,nytimes.com,,unmatched,0,0.0,0.0,unranked,New York Times,United States,pub_007,Early Evolution of Modern Birds Structured by Global Forest Collapse at the End-Cretaceous Mass Extinction,"Meet Wonderchicken, the Oldest Modern Bird Fossil Ever Found",https://www.nytimes.com/2020/03/18/science/wonderchicken-bird-fossil.html
2026-02-16_mentions_10.1016_j.cub.2018.04.062__59,2020-03-19T11:13:01,2020-Q1,2020-02-15,,,,unresolved,,,sciencealert.com,,unmatched,0,0.0,0.0,unranked,Science Alert,United States,pub_007,Early Evolution of Modern Birds Structured by Global Forest Collapse at the End-Cretaceous Mass Extinction,"This 'Wonderchicken' Could Be The Oldest Modern Bird Fossil, And a True Survivor",http://www.sciencealert.com/oldest-modern-bird-fossil-holds-clues-to-how-birds-survived-when-other-dinosaurs-did-not
2026-02-16_mentions_10.1016_j.cub.2018.04.062__57,2020-03-21T01:40:34,2020-Q1,2020-02-15,,,,unresolved,,,interestingengineering.com,,unmatched,0,0.0,0.0,unranked,Interesting Engineering,United States,pub_007,Early Evolution of Modern Birds Structured by Global Forest Collapse at the End-Cretaceous Mass Extinction,This Stiff-Necked 'Wonderchicken' Is Possibly the Oldest Modern Bird Fossil,https://interestingengineering.com/this-stiff-necked-wonderchicken-is-possibly-the-oldest-modern-bird-fossil
2026-02-16_mentions_10.1038_nature15697__260,2020-07-20T13:27:45,2020-Q3,2020-08-15,,,,unresolved,,,theconversation.com,,unmatched,0,0.0,0.0,unranked,The Conversation,Australia,pub_002,A comprehensive phylogeny of birds (Aves) using targeted next-generation DNA sequencing,Why some species thrive after catastrophe – rules for making the most of an apocalypse,https://theconversation.com/why-some-species-thrive-after-catastrophe-rules-for-making-the-most-of-an-apocalypse-140889
2026-02-16_mentions_10.1038_nature15697__259,2020-07-20T13:52:52,2020-Q3,2020-08-15,,,,unresolved,,,foreignaffairs.co.nz,,unmatched,0,0.0,0.0,unranked,Foreign Affairs New Zealand,New Zealand,pub_002,A comprehensive phylogeny of birds (Aves) using targeted next-generation DNA sequencing,MIL-OSI Global: Why some species thrive after catastrophe – rules for making the most...,https://foreignaffairs.co.nz/2020/07/21/why-some-species-thrive-after-catastrophe-rules-for-making-the-most-of-an-apocalypse-140889/
2026-02-16_mentions_10.1038_nature15697__258,2020-07-21T13:33:00,2020-Q3,2020-08-15,,,,unresolved,,,phys.org,,unmatched,0,0.0,0.0,unranked,Phys.org,United Kingdom,pub_002,A comprehensive phylogeny of birds (Aves) using targeted next-generation DNA sequencing,Why some species thrive after catastrophe – rules for making the most of an apocalypse,https://phys.org/news/2020-07-species-catastrophe-apocalypse.html
2026-02-16_mentions_10.1038_nature15697__257,2020-07-24T23:00:25,2020-Q3,2020-08-15,,,,unresolved,,,inverse.com,,unmatched,0,0.0,0.0,unranked,Inverse,United States,pub_002,A comprehensive phylogeny of birds (Aves) using targeted next-generation DNA sequencing,Why some species thrive after a catastrophe,https://www.inverse.com/science/why-some-species-thrive-after-a-catastrophe
2026-02-16_mentions_10.1038_nature15697__226,2021-06-30T12:36:07,2021-Q2,2021-05-15,,,,unresolved,,,medium.com,,unmatched,0,0.0,0.0,unranked,Medium US,United States,pub_002,A comprehensive phylogeny of birds (Aves) using targeted next-generation DNA sequencing,"Richard Prum on Birds, Beauty, and Finding Your Own Way (Ep. 126)",https://medium.com/conversations-with-tyler/richard-prum-tyler-cowen-birds-ornithology-d0aa40e4c360
2026-02-16_mentions_10.1002_ece3.8114__101,2021-10-11T00:00:00,2021-Q4,2021-11-15,,,,unresolved,,,phys.org,,unmatched,0,0.0,0.0,unranked,Phys.org,United Kingdom,pub_008,Ecological selectivity and the evolution of mammalian substrate preference across the K-Pg boundary,Primates' ancestors may have left trees to survive asteroid,https://phys.org/news/2021-10-primates-ancestors-left-trees-survive.html
2026-02-16_mentions_10.1002_ece3.8114__99,2021-10-11T13:50:02,2021-Q4,2021-11-15,,,,unresolved,,,news.umich.edu,,unmatched,0,0.0,0.0,unranked,University of Michigan News,United States,pub_008,Ecological selectivity and the evolution of mammalian substrate preference across the K-Pg boundary,Study suggests ground-dwelling mammals survived mass extinction 66 million years ago,https://news.umich.edu/study-suggests-ground-dwelling-mammals-survived-mass-extinction-66-million-years-ago/
2026-02-16_mentions_10.1002_ece3.8114__98,2021-10-11T14:00:38,2021-Q4,2021-11-15,,,,unresolved,,,news.yale.edu,,unmatched,0,0.0,0.0,unranked,Yale News,United States,pub_008,Ecological selectivity and the evolution of mammalian substrate preference across the K-Pg boundary,Tree-dwelling mammals endured after asteroid strike destroyed forests,https://news.yale.edu/2021/10/11/tree-dwelling-mammals-endured-after-asteroid-strike-destroyed-forests
2026-02-16_mentions_10.1002_ece3.8114__97,2021-10-11T14:09:36,2021-Q4,2021-11-15,,,,unresolved,,,miragenews.com,,unmatched,0,0.0,0.0,unranked,Mirage News,Australia,pub_008,Ecological selectivity and the evolution of mammalian substrate preference across the K-Pg boundary,Primates’ ancestors may have left trees to survive asteroid,https://www.miragenews.com/primates-ancestors-may-have-left-trees-to-649367/
2026-02-16_mentions_10.1002_ece3.8114__96,2021-10-11T14:10:00,2021-Q4,2021-11-15,,,,unresolved,,,news.cornell.edu,,unmatched,0,0.0,0.0,unranked,Cornell Chronicle,United States,pub_008,Ecological selectivity and the evolution of mammalian substrate preference across the K-Pg boundary,Primates’ ancestors may have left trees to survive asteroid | Cornell Chronicle,https://news.cornell.edu/stories/2021/10/primates-ancestors-may-have-left-trees-survive-asteroid
2026-02-16_mentions_10.1002_ece3.8114__95,2021-10-11T14:26:15,2021-Q4,2021-11-15,,,,unresolved,,,miragenews.com,,unmatched,0,0.0,0.0,unranked,Mirage News,Australia,pub_008,Ecological selectivity and the evolution of mammalian substrate preference across the K-Pg boundary,Study suggests ground-dwelling mammals survived mass extinction 66 million years ago,https://www.miragenews.com/study-suggests-ground-dwelling-mammals-survived-649375/
2026-02-16_mentions_10.1002_ece3.8114__71,2021-10-11T18:38:02,2021-Q4,2021-11-15,,,,unresolved,,,trueviralnews.com,,unmatched,0,0.0,0.0,unranked,True Viral News,Russia,pub_008,Ecological selectivity and the evolution of mammalian substrate preference across the K-Pg boundary,Primates' ancestors may have left trees to survive asteroid,https://trueviralnews.com/51330-primates-ancestors-may-have-left-trees-to-survive-asteroid.html
2026-02-16_mentions_10.1002_ece3.8114__48,2021-10-12T11:34:19,2021-Q4,2021-11-15,,,,unresolved,,,kopalniawiedzy.pl,,unmatched,0,0.0,0.0,unranked,Kopalnia Wiedzy,Poland,pub_008,Ecological selectivity and the evolution of mammalian substrate preference across the K-Pg boundary,"Nasi przodkowie zeszli z drzew, uciekaj?c przed asteroid?","http://kopalniawiedzy.pl/asteroida-zaglada-dinozaury-granica-K-T-ewolucja,34333"
2026-02-16_mentions_10.1002_ece3.8114__41,2021-10-12T19:06:21,2021-Q4,2021-11-15,,,,unresolved,,,technologytimes.pk,,unmatched,0,0.0,0.0,unranked,Technology Times,Pakistan,pub_008,Ecological selectivity and the evolution of mammalian substrate preference across the K-Pg boundary,Cretaceous-Paleogene Mass Extinction Event May have Occurred Due to Asteroid,https://www.technologytimes.pk/2021/10/13/cretaceous-paleogene-mass-extinction-event-may-have-occurred-due-to-asteroid/
2026-02-16_mentions_10.1002_ece3.8114__39,2021-10-13T00:00:00,2021-Q4,2021-11-15,,,,unresolved,,,newswise.com,,unmatched,0,0.0,0.0,unranked,Newswise,United States,pub_008,Ecological selectivity and the evolution of mammalian substrate preference across the K-Pg boundary,Primates’ ancestors may have left trees to survive asteroid,https://www.newswise.com/articles/primates-ancestors-may-have-left-trees-to-survive-asteroid
2026-02-16_mentions_10.1002_ece3.8114__33,2021-10-13T12:10:58,2021-Q4,2021-11-15,,,,unresolved,,,canaltech.com.br,,unmatched,0,0.0,0.0,unranked,Canaltech,Brazil,pub_008,Ecological selectivity and the evolution of mammalian substrate preference across the K-Pg boundary,Mamíferos teriam sobrevivido à extinção há 66 milhões de anos; entenda,https://canaltech.com.br/meio-ambiente/mamiferos-teriam-sobrevivido-a-extincao-ha-66-milhoes-de-anos-entenda-198577/
2026-02-16_mentions_10.1002_ece3.8114__31,2021-10-13T15:40:39,2021-Q4,2021-11-15,,,,unresolved,,,sciencedaily.com,,unmatched,0,0.0,0.0,unranked,Science Daily,United States,pub_008,Ecological selectivity and the evolution of mammalian substrate preference across the K-Pg boundary,Primates’ ancestors may have left trees to survive asteroid,https://www.sciencedaily.com/releases/2021/10/211013114039.htm
2026-02-16_mentions_10.1002_ece3.8114__28,2021-10-14T09:55:49,2021-Q4,2021-11-15,,,,unresolved,,,naked-science.ru,,unmatched,0,0.0,0.0,unranked,Naked Science,Russia,pub_008,Ecological selectivity and the evolution of mammalian substrate preference across the K-Pg boundary,?????? ???????? ????? ?????? ? ???????? ????? ??????? ????????? 65 ????????? ??? ?????,https://naked-science.ru/article/biology/predki-primatov-mogli-slezt-s-derevev-posle?alm_mvr=0
2026-02-16_mentions_10.1002_ece3.8114__27,2021-10-14T12:10:32,2021-Q4,2021-11-15,,,,unresolved,,,cam.ac.uk,,unmatched,0,0.0,0.0,unranked,University of Cambridge,United Kingdom,pub_008,Ecological selectivity and the evolution of mammalian substrate preference across the K-Pg boundary,Tree-dwelling mammals survived after asteroid strike destroyed forests,https://www.cam.ac.uk/research/news/tree-dwelling-mammals-survived-after-asteroid-strike-destroyed-forests
2026-02-16_mentions_10.1002_ece3.8114__26,2021-10-14T12:18:30,2021-Q4,2021-11-15,,,,unresolved,,,miragenews.com,,unmatched,0,0.0,0.0,unranked,Mirage News,Australia,pub_008,Ecological selectivity and the evolution of mammalian substrate preference across the K-Pg boundary,Tree-dwelling mammals survived after asteroid strike destroyed forests,https://www.miragenews.com/tree-dwelling-mammals-survived-after-asteroid-652029/
2026-02-16_mentions_10.1002_ece3.8114__23,2021-10-14T19:53:03,2021-Q4,2021-11-15,,,,unresolved,,,muyinteresante.es,,unmatched,0,0.0,0.0,unranked,Muy Interesante,Spain,pub_008,Ecological selectivity and the evolution of mammalian substrate preference across the K-Pg boundary,Los ancestros de los primates bajaron de los árboles para sobrevivir al impacto del asteroide,https://www.muyinteresante.es/ciencia/articulo/los-ancestros-de-los-primates-bajaron-de-los-arboles-para-sobrevivir-al-impacto-del-asteroide-101634240756
2026-02-16_mentions_10.1002_ece3.8114__22,2021-10-15T04:24:12,2021-Q4,2021-11-15,,,,unresolved,,,ebiotrade.com,,unmatched,0,0.0,0.0,unranked,Ebiotrade,China,pub_008,Ecological selectivity and the evolution of mammalian substrate preference across the K-Pg boundary,????????????????????,http://www.ebiotrade.com/newsf/2021-10/20211014091918499.htm
2026-02-16_mentions_10.1002_ece3.8114__20,2021-10-15T18:43:11,2021-Q4,2021-11-15,,,,unresolved,,,feedproxy.google.com,,unmatched,0,0.0,0.0,unranked,Sci-News,United States,pub_008,Ecological selectivity and the evolution of mammalian substrate preference across the K-Pg boundary,Ancestors of Primates and Marsupials May Have Left Trees to Survive End-Cretaceous Extinction | Sci-News.com,http://feedproxy.google.com/~r/BreakingScienceNews/~3/ILXwiuvLmWE/end-cretaceous-arboreal-mammals-10170.html
2026-02-16_mentions_10.1002_ece3.8114__17,2021-10-17T14:57:59,2021-Q4,2021-11-15,,,,unresolved,,,scitechdaily.com,,unmatched,0,0.0,0.0,unranked,Scitech Daily,United States,pub_008,Ecological selectivity and the evolution of mammalian substrate preference across the K-Pg boundary,Primates’ Ancestors May Have Left Trees To Survive Asteroid That Wiped Out the Dinosaurs,https://scitechdaily.com/primates-ancestors-may-have-left-trees-to-survive-asteroid-that-wiped-out-the-dinosaurs/
2026-02-16_mentions_10.1002_ece3.8114__12,2021-11-03T17:55:49,2021-Q4,2021-11-15,,,,unresolved,,,futurity.org,,unmatched,0,0.0,0.0,unranked,Futurity,United States,pub_008,Ecological selectivity and the evolution of mammalian substrate preference across the K-Pg boundary,Laying low might have saved ground critters from dino-killing asteroid - Futurity,https://www.futurity.org/mass-extinction-ground-dwellers-trees-2642052-2/?utm_source=rss&utm_medium=rss&utm_campaign=mass-extinction-ground-dwellers-trees-2642052-2
2026-02-16_mentions_10.1016_j.ympev.2021.107205__53,2021-11-17T00:00:00,2021-Q4,2021-11-15,,,,unresolved,,,phys.org,,unmatched,0,0.0,0.0,unranked,Phys.org,United Kingdom,pub_011,Genomic phylogeography of the White-crowned Manakin Pseudopipra pipra (Aves: Pipridae) illuminates a continental-scale radiation out of the Andes,There may be more bird species in the tropics than we know,https://phys.org/news/2021-11-bird-species-tropics.html
2026-02-16_mentions_10.1016_j.ympev.2021.107205__54,2021-11-17T00:00:00,2021-Q4,2021-11-15,,,,unresolved,,,newswise.com,,unmatched,0,0.0,0.0,unranked,Newswise,United States,pub_011,Genomic phylogeography of the White-crowned Manakin Pseudopipra pipra (Aves: Pipridae) illuminates a continental-scale radiation out of the Andes,There May Be More Bird Species in The Tropics Than We Know,https://www.newswise.com/articles/there-may-be-more-bird-species-in-the-tropics-than-we-know
2026-02-16_mentions_10.1016_j.ympev.2021.107205__52,2021-11-17T14:08:13,2021-Q4,2021-11-15,,,,unresolved,,,miragenews.com,,unmatched,0,0.0,0.0,unranked,Mirage News,Australia,pub_011,Genomic phylogeography of the White-crowned Manakin Pseudopipra pipra (Aves: Pipridae) illuminates a continental-scale radiation out of the Andes,There may be more bird species in tropics than we know,https://www.miragenews.com/there-may-be-more-bird-species-in-tropics-than-675456/
2026-02-16_mentions_10.1016_j.ympev.2021.107205__51,2021-11-17T14:09:24,2021-Q4,2021-11-15,,,,unresolved,,,eurekalert.org,,unmatched,0,0.0,0.0,unranked,EurekAlert!,United States,pub_011,Genomic phylogeography of the White-crowned Manakin Pseudopipra pipra (Aves: Pipridae) illuminates a continental-scale radiation out of the Andes,There may be more bird species in the tropics than we know,https://www.eurekalert.org/news-releases/935194
2026-02-16_mentions_10.1016_j.ympev.2021.107205__50,2021-11-17T14:10:29,2021-Q4,2021-11-15,,,,unresolved,,,scienmag.com,,unmatched,0,0.0,0.0,unranked,ScienMag,United Kingdom,pub_011,Genomic phylogeography of the White-crowned Manakin Pseudopipra pipra (Aves: Pipridae) illuminates a continental-scale radiation out of the Andes,There may be more bird species in the tropics than we know,https://scienmag.com/there-may-be-more-bird-species-in-the-tropics-than-we-know/
2026-02-16_mentions_10.1016_j.ympev.2021.107205__49,2021-11-17T14:12:37,2021-Q4,2021-11-15,,,,unresolved,,,bioengineer.org,,unmatched,0,0.0,0.0,unranked,Bioengineer.org,United Kingdom,pub_011,Genomic phylogeography of the White-crowned Manakin Pseudopipra pipra (Aves: Pipridae) illuminates a continental-scale radiation out of the Andes,There may be more bird species in the tropics than we know,https://bioengineer.org/there-may-be-more-bird-species-in-the-tropics-than-we-know/
2026-02-16_mentions_10.1016_j.ympev.2021.107205__48,2021-11-17T15:01:31,2021-Q4,2021-11-15,,,,unresolved,,,sciencedaily.com,,unmatched,0,0.0,0.0,unranked,Science Daily,United States,pub_011,Genomic phylogeography of the White-crowned Manakin Pseudopipra pipra (Aves: Pipridae) illuminates a continental-scale radiation out of the Andes,There may be more bird species in the tropics than we know,https://www.sciencedaily.com/releases/2021/11/211117100131.htm
2026-02-16_mentions_10.1016_j.ympev.2021.107205__41,2021-11-17T17:10:43,2021-Q4,2021-11-15,,,,unresolved,,,labmanager.com,,unmatched,0,0.0,0.0,unranked,Lab Manager,United States,pub_011,Genomic phylogeography of the White-crowned Manakin Pseudopipra pipra (Aves: Pipridae) illuminates a continental-scale radiation out of the Andes,There May Be More Bird Species in the Tropics Than We Know,https://www.labmanager.com/news/there-may-be-more-bird-species-in-the-tropics-than-we-know-27078
2026-02-16_mentions_10.1016_j.ympev.2021.107205__26,2021-11-17T19:48:28,2021-Q4,2021-11-15,,,,unresolved,,,enn.com,,unmatched,0,0.0,0.0,unranked,Environmental News Network,United States,pub_011,Genomic phylogeography of the White-crowned Manakin Pseudopipra pipra (Aves: Pipridae) illuminates a continental-scale radiation out of the Andes,There May Be More Bird Species in the Tropics Than We Know,https://www.enn.com/articles/69144-there-may-be-more-bird-species-in-the-tropics-than-we-know
2026-02-16_mentions_10.1038_nature15697__199,2022-03-23T16:13:01,2022-Q1,2022-02-15,,,,unresolved,,,news.google.com,,unmatched,0,0.0,0.0,unranked,Google News,United States,pub_002,A comprehensive phylogeny of birds (Aves) using targeted next-generation DNA sequencing,Subaqueous foraging among carnivorous dinosaurs,https://news.google.com/__i/rss/rd/articles/CBMiMmh0dHBzOi8vd3d3Lm5hdHVyZS5jb20vYXJ0aWNsZXMvczQxNTg2LTAyMi0wNDUyOC0w0gEA?oc=5
2026-02-16_mentions_10.1038_nature15697__190,2022-07-20T15:18:58,2022-Q3,2022-08-15,,,,unresolved,,,news.google.com,,unmatched,0,0.0,0.0,unranked,Google News,United States,pub_002,A comprehensive phylogeny of birds (Aves) using targeted next-generation DNA sequencing,Inner ear biomechanics reveals a Late Triassic origin for mammalian endothermy,https://news.google.com/__i/rss/rd/articles/CBMiMmh0dHBzOi8vd3d3Lm5hdHVyZS5jb20vYXJ0aWNsZXMvczQxNTg2LTAyMi0wNDk2My160gEA?oc=5
2026-02-16_mentions_10.1038_nature15697__187,2022-08-19T13:47:00,2022-Q3,2022-08-15,,,,unresolved,,,evolutionnews.org,,unmatched,0,0.0,0.0,unranked,Evolution News & Science Today,United States,pub_002,A comprehensive phylogeny of birds (Aves) using targeted next-generation DNA sequencing,Fossil Friday: The Temporal Paradox of Early Birds,https://evolutionnews.org/2022/08/fossil-friday-the-temporal-paradox-of-early-birds/
2026-02-16_mentions_10.1016_j.cub.2018.04.062__32,2022-10-26T15:30:00,2022-Q4,2022-11-15,,,,unresolved,,,popsci.com,,unmatched,0,0.0,0.0,unranked,Popular Science,United States,pub_007,Early Evolution of Modern Birds Structured by Global Forest Collapse at the End-Cretaceous Mass Extinction,"Birds are so specialized to their homes, it shows in their bones",https://www.popsci.com/environment/bird-evolution-ecology/
2026-02-16_mentions_10.1016_j.cub.2018.04.062__33,2022-10-26T15:30:00,2022-Q4,2022-11-15,,,,unresolved,,,newsbreak.com,,unmatched,0,0.0,0.0,unranked,Newsbreak,United States,pub_007,Early Evolution of Modern Birds Structured by Global Forest Collapse at the End-Cretaceous Mass Extinction,"Birds are so specialized to their homes, it shows in their bones",https://www.newsbreak.com/news/2800007781670/birds-are-so-specialized-to-their-homes-it-shows-in-their-bones
2026-02-16_mentions_10.1016_j.cub.2018.04.062__31,2022-10-27T18:44:19,2022-Q4,2022-11-15,,,,unresolved,,,us.alertbreakingnews.com,,unmatched,0,0.0,0.0,unranked,Alert Breaking News - US,United States,pub_007,Early Evolution of Modern Birds Structured by Global Forest Collapse at the End-Cretaceous Mass Extinction,Environmental signal in the evolutionary diversification of bird skeletons - Nature - Alert Breaking News - United States,https://us.alertbreakingnews.com/environmental-signal-in-the-evolutionary-diversification-of-bird-skeletons-nature/
2026-02-16_mentions_10.1038_nature15697__183,2022-10-27T18:44:19,2022-Q4,2022-11-15,,,,unresolved,,,us.alertbreakingnews.com,,unmatched,0,0.0,0.0,unranked,Alert Breaking News - US,United States,pub_002,A comprehensive phylogeny of birds (Aves) using targeted next-generation DNA sequencing,Environmental signal in the evolutionary diversification of bird skeletons - Nature - Alert Breaking News - United States,https://us.alertbreakingnews.com/environmental-signal-in-the-evolutionary-diversification-of-bird-skeletons-nature/
2026-02-16_mentions_10.1038_nature15697__179,2022-11-24T20:10:40,2022-Q4,2022-11-15,,,,unresolved,,,theconversation.com,,unmatched,0,0.0,0.0,unranked,The Conversation,Australia,pub_002,A comprehensive phylogeny of birds (Aves) using targeted next-generation DNA sequencing,What if the dinosaurs hadn't gone extinct? Why our world might look very different,http://theconversation.com/what-if-the-dinosaurs-hadnt-gone-extinct-why-our-world-might-look-very-different-191599
2026-02-16_mentions_10.1038_nature15697__180,2022-11-24T20:10:40,2022-Q4,2022-11-15,,,,unresolved,,,uk.news.yahoo.com,,unmatched,0,0.0,0.0,unranked,Yahoo! News,United States,pub_002,A comprehensive phylogeny of birds (Aves) using targeted next-generation DNA sequencing,What if the dinosaurs hadn't gone extinct? Why our world might look very different,https://uk.news.yahoo.com/dinosaurs-hadnt-gone-extinct-why-201040122.html
2026-02-16_mentions_10.1038_nature15697__178,2022-11-25T03:37:42,2022-Q4,2022-11-15,,,,unresolved,,,rawstory.com,,unmatched,0,0.0,0.0,unranked,The Raw Story,United States,pub_002,A comprehensive phylogeny of birds (Aves) using targeted next-generation DNA sequencing,Trump is 'really impressed' with white supremacist leader Nick Fuentes: Kanye West,https://www.rawstory.com/nick-fuentes-2658780643/
2026-02-16_mentions_10.1038_nature15697__177,2022-11-25T04:19:11,2022-Q4,2022-11-15,,,,unresolved,,,devdiscourse.com,,unmatched,0,0.0,0.0,unranked,Devdiscourse,India,pub_002,A comprehensive phylogeny of birds (Aves) using targeted next-generation DNA sequencing,What if the dinosaurs hadn’t gone extinct? Why our world might look very different,https://www.devdiscourse.com/article/science-environment/2264534-what-if-the-dinosaurs-hadnt-gone-extinct-why-our-world-might-look-very-different
2026-02-16_mentions_10.1038_nature15697__176,2022-11-25T04:20:14,2022-Q4,2022-11-15,,,,unresolved,,,latestly.com,,unmatched,0,0.0,0.0,unranked,Latestly,India,pub_002,A comprehensive phylogeny of birds (Aves) using targeted next-generation DNA sequencing,World News | What if the Dinosaurs Hadn't Gone Extinct? Why Our World Might Look Very Different | LatestLY,https://www.latestly.com/agency-news/world-news-what-if-the-dinosaurs-hadnt-gone-extinct-why-our-world-might-look-very-different-4503735.html
2026-02-16_mentions_10.1038_nature15697__175,2022-11-25T04:30:35,2022-Q4,2022-11-15,,,,unresolved,,,theprint.in,,unmatched,0,0.0,0.0,unranked,The Print,India,pub_002,A comprehensive phylogeny of birds (Aves) using targeted next-generation DNA sequencing,What if the dinosaurs hadn’t gone extinct? Why our world might look very different,https://theprint.in/world/what-if-the-dinosaurs-hadnt-gone-extinct-why-our-world-might-look-very-different/1234712/
2026-02-16_mentions_10.1038_nature15697__174,2022-11-25T05:02:03,2022-Q4,2022-11-15,,,,unresolved,,,uktimenews.com,,unmatched,0,0.0,0.0,unranked,UK Time News,United Kingdom,pub_002,A comprehensive phylogeny of birds (Aves) using targeted next-generation DNA sequencing,"If dinosaurs hadn’t died out, what would our world be like? read more",https://www.uktimenews.com/if-dinosaurs-hadnt-died-out-what-would-our-world-be-like-read-more/
2026-02-16_mentions_10.1038_nature15697__173,2022-11-25T05:33:41,2022-Q4,2022-11-15,,,,unresolved,,,vervetimes.com,,unmatched,0,0.0,0.0,unranked,Verve times,India,pub_002,A comprehensive phylogeny of birds (Aves) using targeted next-generation DNA sequencing,"If Dinosaurs Hadn't Gone Extinct, How Would Our World Look? Read On - Verve times",https://vervetimes.com/if-dinosaurs-hadnt-gone-extinct-how-would-our-world-look-read-on/
2026-02-16_mentions_10.1038_nature15697__171,2022-11-25T06:16:58,2022-Q4,2022-11-15,,,,unresolved,,,sciencealert.com,,unmatched,0,0.0,0.0,unranked,Science Alert,United States,pub_002,A comprehensive phylogeny of birds (Aves) using targeted next-generation DNA sequencing,What Would Dinosaurs Look Like Today If They Never Went Extinct?,https://www.sciencealert.com/what-would-dinosaurs-look-like-today-if-they-never-went-extinct?alm_mvr=0
2026-02-16_mentions_10.1038_nature15697__170,2022-11-25T06:17:08,2022-Q4,2022-11-15,,,,unresolved,,,news.google.com,,unmatched,0,0.0,0.0,unranked,Google News,United States,pub_002,A comprehensive phylogeny of birds (Aves) using targeted next-generation DNA sequencing,What Would Dinosaurs Look Like Today If They Never Went Extinct?,https://news.google.com/__i/rss/rd/articles/CBMiXGh0dHBzOi8vd3d3LnNjaWVuY2VhbGVydC5jb20vd2hhdC13b3VsZC1kaW5vc2F1cnMtbG9vay1saWtlLXRvZGF5LWlmLXRoZXktbmV2ZXItd2VudC1leHRpbmN00gFgaHR0cHM6Ly93d3cuc2NpZW5jZWFsZXJ0LmNvbS93aGF0LXdvdWxkLWRpbm9zYXVycy1sb29rLWxpa2UtdG9kYXktaWYtdGhleS1uZXZlci13ZW50LWV4dGluY3QvYW1w?oc=5
2026-02-16_mentions_10.1038_nature15697__169,2022-11-25T06:24:20,2022-Q4,2022-11-15,,,,unresolved,,,newslanes.com,,unmatched,0,0.0,0.0,unranked,Newslanes,United Kingdom,pub_002,A comprehensive phylogeny of birds (Aves) using targeted next-generation DNA sequencing,What Would Dinosaurs Look Like Today If They Never Went Extinct?,https://newslanes.com/2022/11/25/what-would-dinosaurs-look-like-today-if-they-never-went-extinct/
2026-02-16_mentions_10.1038_nature15697__168,2022-11-25T06:54:50,2022-Q4,2022-11-15,,,,unresolved,,,rte.ie,,unmatched,0,0.0,0.0,unranked,RTE Online,Ireland,pub_002,A comprehensive phylogeny of birds (Aves) using targeted next-generation DNA sequencing,How our world might look if the dinosaurs had survived,https://www.rte.ie/brainstorm/2022/1125/1338192-dinosaurs-earth-meteor-survival-evolution-extinction/
2026-02-16_mentions_10.1038_nature15697__167,2022-11-25T06:58:47,2022-Q4,2022-11-15,,,,unresolved,,,deccanherald.com,,unmatched,0,0.0,0.0,unranked,The Deccan Herald,India,pub_002,A comprehensive phylogeny of birds (Aves) using targeted next-generation DNA sequencing,What if the dinosaurs hadn't gone extinct?,https://www.deccanherald.com/science-and-environment/what-if-the-dinosaurs-hadnt-gone-extinct-1165564.html
2026-02-16_mentions_10.1038_nature15697__166,2022-11-25T07:59:21,2022-Q4,2022-11-15,,,,unresolved,,,firstpost.com,,unmatched,0,0.0,0.0,unranked,Firstpost,India,pub_002,A comprehensive phylogeny of birds (Aves) using targeted next-generation DNA sequencing,Jurassic Park: What the world would look like if dinosaurs hadn't gone extinct,https://www.firstpost.com/explainers/jurassic-park-what-the-world-would-look-like-if-dinosaurs-hadnt-gone-extinct-11693491.html
2026-02-16_mentions_10.1038_nature15697__165,2022-11-25T10:28:30,2022-Q4,2022-11-15,,,,unresolved,,,1tv.ge,,unmatched,0,0.0,0.0,unranked,1TV.ge,Georgia,pub_002,A comprehensive phylogeny of birds (Aves) using targeted next-generation DNA sequencing,"?????? ?????????? ??????????? ????, ??? ?? ????????????????? — #1tv??????????",https://1tv.ge/news/rogori-iqnebodnen-dinozavrebi-akhla-rom-ar-gadashenebuliyvnen-1tvmecniereba/
2026-02-16_mentions_10.1038_nature15697__164,2022-11-25T10:38:14,2022-Q4,2022-11-15,,,,unresolved,,,rawstory.com,,unmatched,0,0.0,0.0,unranked,The Raw Story,United States,pub_002,A comprehensive phylogeny of birds (Aves) using targeted next-generation DNA sequencing,The practice of proclaiming virtue while amassing wealth and power is not new,https://www.rawstory.com/commentary-the-practice-of-proclaiming-virtue-while-amassing-wealth-and-power-is-not-new/
2026-02-16_mentions_10.1038_nature15697__163,2022-11-25T11:06:04,2022-Q4,2022-11-15,,,,unresolved,,,journalbreak.com,,unmatched,0,0.0,0.0,unranked,journalbreak.Com,India,pub_002,A comprehensive phylogeny of birds (Aves) using targeted next-generation DNA sequencing,What Would Dinosaurs Look Like Today If They Never Went Extinct? : ScienceAlert - journalbreak,https://journalbreak.com/what-would-dinosaurs-look-like-today-if-they-never-went-extinct-sciencealert/
2026-02-16_mentions_10.1038_nature15697__162,2022-11-25T11:19:40,2022-Q4,2022-11-15,,,,unresolved,,,journalbreak.com,,unmatched,0,0.0,0.0,unranked,journalbreak.Com,India,pub_002,A comprehensive phylogeny of birds (Aves) using targeted next-generation DNA sequencing,What if the dinosaurs hadn't gone extinct? Why our world might look very different - journalbreak,https://journalbreak.com/what-if-the-dinosaurs-hadnt-gone-extinct-why-our-world-might-look-very-different/
2026-02-16_mentions_10.1038_nature15697__161,2022-11-25T13:18:01,2022-Q4,2022-11-15,,,,unresolved,,,presseraum.at,,unmatched,0,0.0,0.0,unranked,Presseraum,Germany,pub_002,A comprehensive phylogeny of birds (Aves) using targeted next-generation DNA sequencing,"Wie würden Dinosaurier heute aussehen, wenn sie nie ausgestorben wären? : Wissenschaftsalarm",https://www.presseraum.at/wie-wuerden-dinosaurier-heute-aussehen-wenn-sie-nie-ausgestorben-waeren-wissenschaftsalarm/
2026-02-16_mentions_10.1038_nature15697__160,2022-11-25T14:37:52,2022-Q4,2022-11-15,,,,unresolved,,,nach-welt.com,,unmatched,0,0.0,0.0,unranked,Nachrichten Welt,Germany,pub_002,A comprehensive phylogeny of birds (Aves) using targeted next-generation DNA sequencing,"Wie würden Dinosaurier heute aussehen, wenn sie nie ausgestorben wären? : Wissenschaftswarnung ~ Nach Welt",https://www.nach-welt.com/wie-wurden-dinosaurier-heute-aussehen-wenn-sie-nie-ausgestorben-waren-wissenschaftswarnung/
2026-02-16_mentions_10.1038_nature15697__159,2022-11-25T20:48:07,2022-Q4,2022-11-15,,,,unresolved,,,rawstory.com,,unmatched,0,0.0,0.0,unranked,The Raw Story,United States,pub_002,A comprehensive phylogeny of birds (Aves) using targeted next-generation DNA sequencing,'I like this guy -- he gets me!' New details emerge on Trump's praise of Holocaust denier at Mar-a-Lago dinner,https://www.rawstory.com/nick-fuentes-trump-2658783883/
2026-02-16_mentions_10.1038_nature15697__158,2022-11-25T23:40:07,2022-Q4,2022-11-15,,,,unresolved,,,rawstory.com,,unmatched,0,0.0,0.0,unranked,The Raw Story,United States,pub_002,A comprehensive phylogeny of birds (Aves) using targeted next-generation DNA sequencing,Trump’s own ambassador to Israel condemns him for dining with 'human scum',https://www.rawstory.com/nick-fuentes-2658784155/
2026-02-16_mentions_10.1038_nature15697__157,2022-11-26T00:00:00,2022-Q4,2022-11-15,,,,unresolved,,,phys.org,,unmatched,0,0.0,0.0,unranked,Phys.org,United Kingdom,pub_002,A comprehensive phylogeny of birds (Aves) using targeted next-generation DNA sequencing,What if the dinosaurs hadn't gone extinct? Why our world might look very different,https://phys.org/news/2022-11-dinosaurs-hadnt-extinct-world.html
2026-02-16_mentions_10.1038_nature15697__156,2022-11-26T04:01:20,2022-Q4,2022-11-15,,,,unresolved,,,sciencetimes.com,,unmatched,0,0.0,0.0,unranked,"The Science Times, United States",United States,pub_002,A comprehensive phylogeny of birds (Aves) using targeted next-generation DNA sequencing,Dinosauroid Model: Possible Impression of Dinos Living in the Present Times Visualized by Science [Look],https://www.sciencetimes.com/articles/41065/20221125/dinosauroid-model-possible-impression-dinos-living-present-times-visualized-science.htm
2026-02-16_mentions_10.1038_nature15697__155,2022-11-26T12:39:41,2022-Q4,2022-11-15,,,,unresolved,,,rawstory.com,,unmatched,0,0.0,0.0,unranked,The Raw Story,United States,pub_002,A comprehensive phylogeny of birds (Aves) using targeted next-generation DNA sequencing,'Amazing news': Historic shark protections approved at global wildlife convention,https://www.rawstory.com/amazing-news-historic-shark-protections-approved-at-global-wildlife-convention/
2026-02-16_mentions_10.1038_nature15697__154,2022-11-26T12:50:03,2022-Q4,2022-11-15,,,,unresolved,,,rawstory.com,,unmatched,0,0.0,0.0,unranked,The Raw Story,United States,pub_002,A comprehensive phylogeny of birds (Aves) using targeted next-generation DNA sequencing,What if the dinosaurs hadn’t gone extinct? Why our world might look very different,https://www.rawstory.com/what-if-the-dinosaurs-hadnt-gone-extinct-why-our-world-might-look-very-different/
2026-02-16_mentions_10.1038_nature15697__153,2022-11-26T17:10:01,2022-Q4,2022-11-15,,,,unresolved,,,news.google.com,,unmatched,0,0.0,0.0,unranked,Google News,United States,pub_002,A comprehensive phylogeny of birds (Aves) using targeted next-generation DNA sequencing,What if the dinosaurs hadn't gone extinct? Why our world might look very different,https://news.google.com/__i/rss/rd/articles/CBMiQGh0dHBzOi8vcGh5cy5vcmcvbmV3cy8yMDIyLTExLWRpbm9zYXVycy1oYWRudC1leHRpbmN0LXdvcmxkLmh0bWzSAT9odHRwczovL3BoeXMub3JnL25ld3MvMjAyMi0xMS1kaW5vc2F1cnMtaGFkbnQtZXh0aW5jdC13b3JsZC5hbXA?oc=5
2026-02-16_mentions_10.1038_nature15697__152,2022-11-26T17:13:24,2022-Q4,2022-11-15,,,,unresolved,,,swifttelecast.com,,unmatched,0,0.0,0.0,unranked,Swift Telecast,India,pub_002,A comprehensive phylogeny of birds (Aves) using targeted next-generation DNA sequencing,What if the dinosaurs hadn't gone extinct? Why our world might look very different - swifttelecast,https://swifttelecast.com/what-if-the-dinosaurs-hadnt-gone-extinct-why-our-world-might-look-very-different/
2026-02-16_mentions_10.1038_nature15697__151,2022-11-26T22:24:01,2022-Q4,2022-11-15,,,,unresolved,,,todayuknews.com,,unmatched,0,0.0,0.0,unranked,Today UK News,United Kingdom,pub_002,A comprehensive phylogeny of birds (Aves) using targeted next-generation DNA sequencing,What if the dinosaurs hadn’t gone extinct? Why our world might look very different,https://todayuknews.com/tech/what-if-the-dinosaurs-hadnt-gone-extinct-why-our-world-might-look-very-different/
2026-02-16_mentions_10.1038_nature15697__150,2022-11-27T01:08:20,2022-Q4,2022-11-15,,,,unresolved,,,journalbreak.com,,unmatched,0,0.0,0.0,unranked,journalbreak.Com,India,pub_002,A comprehensive phylogeny of birds (Aves) using targeted next-generation DNA sequencing,What if the dinosaurs hadn't gone extinct? Why our world might look very different - journalbreak,https://journalbreak.com/what-if-the-dinosaurs-hadnt-gone-extinct-why-our-world-might-look-very-different-2/
2026-02-16_mentions_10.1038_nature15697__149,2022-11-27T02:50:50,2022-Q4,2022-11-15,,,,unresolved,,,nach-welt.com,,unmatched,0,0.0,0.0,unranked,Nachrichten Welt,Germany,pub_002,A comprehensive phylogeny of birds (Aves) using targeted next-generation DNA sequencing,"Warum unsere Welt ganz anders aussehen könnte, wenn die Dinosaurier nicht ausgestorben wären ~ Nach Welt",https://www.nach-welt.com/warum-unsere-welt-ganz-anders-aussehen-konnte-wenn-die-dinosaurier-nicht-ausgestorben-waren/
2026-02-16_mentions_10.1038_nature15697__148,2022-11-27T04:02:21,2022-Q4,2022-11-15,,,,unresolved,,,nach-welt.com,,unmatched,0,0.0,0.0,unranked,Nachrichten Welt,Germany,pub_002,A comprehensive phylogeny of birds (Aves) using targeted next-generation DNA sequencing,"Was wäre, wenn die Dinosaurier nicht ausgestorben wären? Warum unsere Welt ganz anders aussehen könnte ~ Nach Welt",https://www.nach-welt.com/was-ware-wenn-die-dinosaurier-nicht-ausgestorben-waren-warum-unsere-welt-ganz-anders-aussehen-konnte/
2026-02-16_mentions_10.1038_nature15697__146,2022-11-27T08:47:32,2022-Q4,2022-11-15,,,,unresolved,,,interestingengineering.com,,unmatched,0,0.0,0.0,unranked,Interesting Engineering,United States,pub_002,A comprehensive phylogeny of birds (Aves) using targeted next-generation DNA sequencing,What if the dinosaurs continued evolving? How the giant creatures may have adapted,https://interestingengineering.com/science/dinosaurs-continued-evolving-how-adapted?alm_mvr=0
2026-02-16_mentions_10.1038_nature15697__126,2022-11-29T00:00:00,2022-Q4,2022-11-15,,,,unresolved,,,thefreelibrary.com,,unmatched,0,0.0,0.0,unranked,The Free Library,United States,pub_002,A comprehensive phylogeny of birds (Aves) using targeted next-generation DNA sequencing,"Science and technology, general / Sustainability Times, ""What if the dinos had not gone extinct?""",http://www.thefreelibrary.com/What+if+the+dinos+had+not+gone+extinct%3f-a0728153346
2026-02-16_mentions_10.1038_nature15697__125,2022-11-29T06:24:02,2022-Q4,2022-11-15,,,,unresolved,,,torontotelegraph.com,,unmatched,0,0.0,0.0,unranked,Toronto Telegraph,Canada,pub_002,A comprehensive phylogeny of birds (Aves) using targeted next-generation DNA sequencing,What if the dinos had not gone extinct,http://www.torontotelegraph.com/news/273135445/what-if-the-dinos-had-not-gone-extinct
2026-02-16_mentions_10.1038_nature15697__122,2022-11-30T10:10:52,2022-Q4,2022-11-15,,,,unresolved,,,theconversation.com,,unmatched,0,0.0,0.0,unranked,The Conversation,Australia,pub_002,A comprehensive phylogeny of birds (Aves) using targeted next-generation DNA sequencing,¿Y si los dinosaurios no se hubieran extinguido? Por qué nuestro mundo podría ser muy diferente,https://theconversation.com/y-si-los-dinosaurios-no-se-hubieran-extinguido-por-que-nuestro-mundo-podria-ser-muy-diferente-195595
2026-02-16_mentions_10.1038_nature15697__121,2022-11-30T18:38:20,2022-Q4,2022-11-15,,,,unresolved,,,southafricatoday.net,,unmatched,0,0.0,0.0,unranked,South Africa Today,South Africa,pub_002,A comprehensive phylogeny of birds (Aves) using targeted next-generation DNA sequencing,What if the dinos had not gone extinct?,https://southafricatoday.net/environment/what-if-the-dinos-had-not-gone-extinct/
2026-02-16_mentions_10.1038_nature15697__120,2022-12-01T22:11:33,2022-Q4,2022-11-15,,,,unresolved,,,cambiopolitico.com,,unmatched,0,0.0,0.0,unranked,Cambio Político,Costa Rica,pub_002,A comprehensive phylogeny of birds (Aves) using targeted next-generation DNA sequencing,¿Y si los dinosaurios no se hubieran extinguido? Por qué nuestro mundo podría ser muy diferente,https://cambiopolitico.com/y-si-los-dinosaurios-no-se-hubieran-extinguido-por-que-nuestro-mundo-podria-ser-muy-diferente/198995/
2026-02-16_mentions_10.1038_nature15697__119,2022-12-04T02:30:00,2022-Q4,2022-11-15,,,,unresolved,,,theobjective.com,,unmatched,0,0.0,0.0,unranked,TheObjective,Spain,pub_002,A comprehensive phylogeny of birds (Aves) using targeted next-generation DNA sequencing,Nuestro mundo sería muy diferente si los dinosaurios no se hubieran extinguido,https://theobjective.com/sociedad/2022-12-04/mundo-dinosaurios-extincion/
2026-02-16_mentions_10.1038_nature15697__118,2022-12-04T05:41:01,2022-Q4,2022-11-15,,,,unresolved,,,elportaluco.com,,unmatched,0,0.0,0.0,unranked,El Portaluco,Spain,pub_002,A comprehensive phylogeny of birds (Aves) using targeted next-generation DNA sequencing,¿Y si los dinosaurios no se hubieran extinguido? Por qué nuestro mundo podría ser muy diferente,https://elportaluco.com/y-si-los-dinosaurios-no-se-hubieran-extinguido-por-que-nuestro-mundo-podria-ser-muy-diferente/
2026-02-16_mentions_10.1038_nature15697__117,2022-12-04T08:03:51,2022-Q4,2022-11-15,,,,unresolved,,,bilbao24horas.com,,unmatched,0,0.0,0.0,unranked,Bilbao24horas,Spain,pub_002,A comprehensive phylogeny of birds (Aves) using targeted next-generation DNA sequencing,¿Y si los dinosaurios no se hubieran extinguido? Por qué nuestro mundo podría ser muy diferente,https://bilbao24horas.com/y-si-los-dinosaurios-no-se-hubieran-extinguido-por-que-nuestro-mundo-podria-ser-muy-diferente/
2026-02-16_mentions_10.1038_nature15697__116,2022-12-04T11:09:48,2022-Q4,2022-11-15,,,,unresolved,,,madriddigital24horas.com,,unmatched,0,0.0,0.0,unranked,Madriddigital24horas,Spain,pub_002,A comprehensive phylogeny of birds (Aves) using targeted next-generation DNA sequencing,¿Y si los dinosaurios no se hubieran extinguido? Por qué nuestro mundo podría ser muy diferente,https://madriddigital24horas.com/y-si-los-dinosaurios-no-se-hubieran-extinguido-por-que-nuestro-mundo-podria-ser-muy-diferente/
2026-02-16_mentions_10.1038_nature15697__115,2022-12-04T12:11:46,2022-Q4,2022-11-15,,,,unresolved,,,dclm.es,,unmatched,0,0.0,0.0,unranked,dclm,Spain,pub_002,A comprehensive phylogeny of birds (Aves) using targeted next-generation DNA sequencing,¿Y si los dinosaurios no se hubieran extinguido? Por qué nuestro mundo podría ser muy diferente,https://www.dclm.es/noticias/137983/y-si-los-dinosaurios-no-se-hubieran-extinguido-por-que-nuestro-mundo-podria-ser-muy%C2%A0diferente
2026-02-16_mentions_10.1038_nature15697__114,2022-12-04T20:00:25,2022-Q4,2022-11-15,,,,unresolved,,,inverse.com,,unmatched,0,0.0,0.0,unranked,Inverse,United States,pub_002,A comprehensive phylogeny of birds (Aves) using targeted next-generation DNA sequencing,What would the world look like if big dinosaurs survived the asteroid strike?,https://www.inverse.com/science/what-if-dinosaurs-didnt-go-extinct
2026-02-16_mentions_10.1038_nature15697__113,2022-12-05T13:59:49,2022-Q4,2022-11-15,,,,unresolved,,,msn.com,,unmatched,0,0.0,0.0,unranked,MSN,United States,pub_002,A comprehensive phylogeny of birds (Aves) using targeted next-generation DNA sequencing,¿Cómo sería el mundo si los dinosaurios no se hubieran extinguido?,https://www.msn.com/es-mx/noticias/mundo/c%C3%B3mo-ser%C3%ADa-el-mundo-si-los-dinosaurios-no-se-hubieran-extinguido/ar-AA14V8q2?srcref=rss
2026-02-16_mentions_10.1016_j.cub.2018.04.062__24,2023-07-12T12:53:00,2023-Q3,2023-08-15,,,,unresolved,,,uk.news.yahoo.com,,unmatched,0,0.0,0.0,unranked,Yahoo! News,United States,pub_007,Early Evolution of Modern Birds Structured by Global Forest Collapse at the End-Cretaceous Mass Extinction,Why did some birds survive when dinosaurs went extinct? Molting feathers could hold a clue,https://uk.news.yahoo.com/why-did-birds-survive-dinosaurs-125300337.html
2026-02-16_mentions_10.1016_j.cub.2018.04.062__25,2023-07-12T12:53:00,2023-Q3,2023-08-15,,,,unresolved,,,ca.finance.yahoo.com,,unmatched,0,0.0,0.0,unranked,Yahoo! Finance Canada,Canada,pub_007,Early Evolution of Modern Birds Structured by Global Forest Collapse at the End-Cretaceous Mass Extinction,Why did some birds survive when dinosaurs went extinct? Molting feathers could hold a clue,https://ca.finance.yahoo.com/news/why-did-birds-survive-dinosaurs-125300337.html
2026-02-16_mentions_10.1016_j.cub.2018.04.062__26,2023-07-12T12:53:00,2023-Q3,2023-08-15,,,,unresolved,,,businessinsider.nl,,unmatched,0,0.0,0.0,unranked,Business Insider Nederland,Netherlands,pub_007,Early Evolution of Modern Birds Structured by Global Forest Collapse at the End-Cretaceous Mass Extinction,Why did some birds survive when dinosaurs went extinct? Molting feathers could hold a clue,https://www.businessinsider.nl/why-did-some-birds-survive-when-dinosaurs-went-extinct-molting-feathers-could-hold-a-clue/
2026-02-16_mentions_10.1016_j.cub.2018.04.062__27,2023-07-12T12:53:00,2023-Q3,2023-08-15,,,,unresolved,,,businessinsider.com,,unmatched,0,0.0,0.0,unranked,Business Insider,United States,pub_007,Early Evolution of Modern Birds Structured by Global Forest Collapse at the End-Cretaceous Mass Extinction,Why did some birds survive when dinosaurs went extinct? Molting feathers could hold a clue,https://www.businessinsider.com/molting-feathers-help-birds-survive-when-dinosaurs-went-extinct-2023-7
2026-02-16_mentions_10.1016_j.cub.2018.04.062__23,2023-07-12T12:54:00,2023-Q3,2023-08-15,,,,unresolved,,,businessinsider.in,,unmatched,0,0.0,0.0,unranked,Business Insider India,India,pub_007,Early Evolution of Modern Birds Structured by Global Forest Collapse at the End-Cretaceous Mass Extinction,Why did some birds survive when dinosaurs went extinct? Molting feathers could hold a clue,https://www.businessinsider.in/science/news/why-did-some-birds-survive-when-dinosaurs-went-extinct-molting-feathers-could-hold-a-clue/articleshow/101702978.cms
2026-02-16_mentions_10.1016_j.cub.2018.04.062__22,2023-07-12T13:10:50,2023-Q3,2023-08-15,,,,unresolved,,,msn.com,,unmatched,0,0.0,0.0,unranked,MSN,United States,pub_007,Early Evolution of Modern Birds Structured by Global Forest Collapse at the End-Cretaceous Mass Extinction,Why did some birds survive when dinosaurs went extinct? Molting feathers could hold a clue,https://www.msn.com/en-us/news/technology/why-did-some-birds-survive-when-dinosaurs-went-extinct-molting-feathers-could-hold-a-clue/ar-AA1dLxLD?ocid=Peregrine
2026-02-16_mentions_10.1016_j.cub.2018.04.062__20,2023-12-19T16:53:46,2023-Q4,2023-11-15,,,,unresolved,,,theconversation.com,,unmatched,0,0.0,0.0,unranked,The Conversation,Australia,pub_007,Early Evolution of Modern Birds Structured by Global Forest Collapse at the End-Cretaceous Mass Extinction,Five things you probably have wrong about the T rex,https://theconversation.com/five-things-you-probably-have-wrong-about-the-t-rex-220011
2026-02-16_mentions_10.1016_j.cub.2018.04.062__21,2023-12-19T16:53:46,2023-Q4,2023-11-15,,,,unresolved,,,uk.news.yahoo.com,,unmatched,0,0.0,0.0,unranked,Yahoo! News,United States,pub_007,Early Evolution of Modern Birds Structured by Global Forest Collapse at the End-Cretaceous Mass Extinction,Five things you probably have wrong about the T rex,https://uk.news.yahoo.com/five-things-probably-wrong-t-165346578.html
2026-02-16_mentions_10.1016_j.cub.2018.04.062__18,2023-12-19T18:39:17,2023-Q4,2023-11-15,,,,unresolved,,,torontotelegraph.com,,unmatched,0,0.0,0.0,unranked,Toronto Telegraph,Canada,pub_007,Early Evolution of Modern Birds Structured by Global Forest Collapse at the End-Cretaceous Mass Extinction,Five things you probably have wrong about the T rex,http://www.torontotelegraph.com/news/274070185/five-things-you-probably-have-wrong-about-the-t-rex
2026-02-16_mentions_10.1016_j.cub.2018.04.062__17,2023-12-20T01:00:19,2023-Q4,2023-11-15,,,,unresolved,,,free-mail.co.za,,unmatched,0,0.0,0.0,unranked,Free Mail South Africa,South Africa,pub_007,Early Evolution of Modern Birds Structured by Global Forest Collapse at the End-Cretaceous Mass Extinction,Five things you probably have wrong about the T rex,https://free-mail.co.za/five-things-you-probably-have-wrong-about-the-t-rex/
2026-02-16_mentions_10.1016_j.cub.2018.04.062__16,2023-12-20T06:46:15,2023-Q4,2023-11-15,,,,unresolved,,,devdiscourse.com,,unmatched,0,0.0,0.0,unranked,Devdiscourse,India,pub_007,Early Evolution of Modern Birds Structured by Global Forest Collapse at the End-Cretaceous Mass Extinction,Five things you probably have wrong about the T rex,https://www.devdiscourse.com/article/science-environment/2752330-five-things-you-probably-have-wrong-about-the-t-rex
2026-02-16_mentions_10.1016_j.cub.2018.04.062__15,2023-12-20T18:19:09,2023-Q4,2023-11-15,,,,unresolved,,,phys.org,,unmatched,0,0.0,0.0,unranked,Phys.org,United Kingdom,pub_007,Early Evolution of Modern Birds Structured by Global Forest Collapse at the End-Cretaceous Mass Extinction,Five things you probably have wrong about the T rex,https://phys.org/news/2023-12-wrong-rex.html
2026-02-16_mentions_10.1016_j.cub.2018.04.062__14,2023-12-20T20:34:55,2023-Q4,2023-11-15,,,,unresolved,,,msn.com,,unmatched,0,0.0,0.0,unranked,MSN,United States,pub_007,Early Evolution of Modern Birds Structured by Global Forest Collapse at the End-Cretaceous Mass Extinction,Five things you probably have wrong about the T rex,https://www.msn.com/en-us/news/technology/five-things-you-probably-have-wrong-about-the-t-rex/ar-AA1lNWBU
2026-02-16_mentions_10.1016_j.cub.2018.04.062__13,2023-12-22T11:53:09,2023-Q4,2023-11-15,,,,unresolved,,,iflscience.com,,unmatched,0,0.0,0.0,unranked,Iflscience,United Kingdom,pub_007,Early Evolution of Modern Birds Structured by Global Forest Collapse at the End-Cretaceous Mass Extinction,Five Things You Probably Have Wrong About The T. Rex,http://www.iflscience.com/5-things-you-probably-have-wrong-about-the-t-rex-72145
2026-02-16_mentions_10.1016_j.cub.2018.04.062__12,2023-12-27T12:30:07,2023-Q4,2023-11-15,,,,unresolved,,,rawstory.com,,unmatched,0,0.0,0.0,unranked,The Raw Story,United States,pub_007,Early Evolution of Modern Birds Structured by Global Forest Collapse at the End-Cretaceous Mass Extinction,Five things you probably have wrong about the T rex,https://www.rawstory.com/five-things-you-probably-have-wrong-about-the-t-rex/
2026-02-16_mentions_10.1016_j.cub.2018.04.062__11,2023-12-27T12:52:43,2023-Q4,2023-11-15,,,,unresolved,,,rawstory.com,,unmatched,0,0.0,0.0,unranked,The Raw Story,United States,pub_007,Early Evolution of Modern Birds Structured by Global Forest Collapse at the End-Cretaceous Mass Extinction,The 'uniquely dangerous' law Trump could abuse in his second term,https://www.rawstory.com/trump-fascism-2666810821/
2026-02-16_mentions_10.1016_j.cub.2018.04.062__10,2023-12-29T05:34:53,2023-Q4,2023-11-15,,,,unresolved,,,economictimes.indiatimes.com,,unmatched,0,0.0,0.0,unranked,Times of India,India,pub_007,Early Evolution of Modern Birds Structured by Global Forest Collapse at the End-Cretaceous Mass Extinction,'Jurassic Park' got it wrong! Busting 5 myths about dinosaur T Rex,https://economictimes.indiatimes.com/magazines/panache/jurassic-park-got-it-wrong-busting-5-myths-about-dinosaur-t-rex/articleshow/106368708.cms
2026-02-16_mentions_10.1016_j.cub.2018.04.062__9,2024-02-15T05:11:12,2024-Q1,2024-02-15,,,,unresolved,,,theconversation.com,,unmatched,0,0.0,0.0,unranked,The Conversation,Australia,pub_007,Early Evolution of Modern Birds Structured by Global Forest Collapse at the End-Cretaceous Mass Extinction,5 hal tentang Tyrannosaurus rex yang mungkin kamu salahpahami,https://theconversation.com/5-hal-tentang-tyrannosaurus-rex-yang-mungkin-kamu-salahpahami-222716
2026-02-16_mentions_10.1016_j.cub.2018.04.062__8,2024-02-15T05:51:07,2024-Q1,2024-02-15,,,,unresolved,,,nouvelles-du-monde.com,,unmatched,0,0.0,0.0,unranked,Nouvelles du monde,France,pub_007,Early Evolution of Modern Birds Structured by Global Forest Collapse at the End-Cretaceous Mass Extinction,5 choses sur le Tyrannosaurus rex que vous pourriez mal comprendre,https://www.nouvelles-du-monde.com/5-choses-sur-le-tyrannosaurus-rex-que-vous-pourriez-mal-comprendre/
2026-02-16_mentions_10.1016_j.cub.2018.04.062__7,2024-02-23T14:45:00,2024-Q1,2024-02-15,,,,unresolved,,,ct.moreover.com,,unmatched,0,0.0,0.0,unranked,Evolution News & Science Today,United States,pub_007,Early Evolution of Modern Birds Structured by Global Forest Collapse at the End-Cretaceous Mass Extinction,Fossil Friday: The Big Bang of Tertiary Birds and a Phylogenetic Mess,http://ct.moreover.com/?a=53166324110&p=1pl&v=1&x=x0ckQD1ED6zJTj2aatekeg
2026-02-16_mentions_10.1038_nature15697__81,2024-02-23T14:45:00,2024-Q1,2024-02-15,,,,unresolved,,,ct.moreover.com,,unmatched,0,0.0,0.0,unranked,Evolution News & Science Today,United States,pub_002,A comprehensive phylogeny of birds (Aves) using targeted next-generation DNA sequencing,Fossil Friday: The Big Bang of Tertiary Birds and a Phylogenetic Mess,http://ct.moreover.com/?a=53166324110&p=1pl&v=1&x=x0ckQD1ED6zJTj2aatekeg
2026-02-16_mentions_10.1093_sysbio.syx064__7,2024-03-11T13:10:38,2024-Q1,2024-02-15,,,,unresolved,,,ct.moreover.com,,unmatched,0,0.0,0.0,unranked,Yahoo! News,United States,pub_012,Genomic Signature of an Avian Lilliput Effect across the K-Pg Extinction,A brief guide to birdwatching in the age of dinosaurs,http://ct.moreover.com/?a=53301552612&p=1pl&v=1&x=fx2JGZ8zuiZjGMjUNMwfvQ
2026-02-16_mentions_10.1093_sysbio.syx064__8,2024-03-11T13:10:38,2024-Q1,2024-02-15,,,,unresolved,,,ct.moreover.com,,unmatched,0,0.0,0.0,unranked,The Conversation,Australia,pub_012,Genomic Signature of an Avian Lilliput Effect across the K-Pg Extinction,A brief guide to birdwatching in the age of dinosaurs,http://ct.moreover.com/?a=53301714966&p=1pl&v=1&x=qj8RbWDWDoLVdiWshFfTZQ
2026-02-16_mentions_10.1093_sysbio.syx064__6,2024-03-11T13:12:12,2024-Q1,2024-02-15,,,,unresolved,,,ct.moreover.com,,unmatched,0,0.0,0.0,unranked,Mirage News,Australia,pub_012,Genomic Signature of an Avian Lilliput Effect across the K-Pg Extinction,Brief Guide: Birdwatching in Dinosaur Era Unveiled,http://ct.moreover.com/?a=53301431346&p=1pl&v=1&x=5kiUvmcGBYMdo3bV6HZtMQ
2026-02-16_mentions_10.1093_sysbio.syx064__5,2024-03-12T15:40:16,2024-Q1,2024-02-15,,,,unresolved,,,ct.moreover.com,,unmatched,0,0.0,0.0,unranked,Phys.org,United Kingdom,pub_012,Genomic Signature of an Avian Lilliput Effect across the K-Pg Extinction,A brief guide to birdwatching in the age of dinosaurs,http://ct.moreover.com/?a=53310710461&p=1pl&v=1&x=Nl_wKwoa5MZ6aRccXEq8WQ
2026-02-16_mentions_10.1093_sysbio.syx064__4,2024-04-08T15:39:30,2024-Q2,2024-05-15,,,,unresolved,,,noticiasdelatierra.com,,unmatched,0,0.0,0.0,unranked,Noticias de la tierra,"Venezuela, Bolivarian Republic of",pub_012,Genomic Signature of an Avian Lilliput Effect across the K-Pg Extinction,Una breve guía para la observación de aves en la era de los dinosaurios.,https://noticiasdelatierra.com/una-breve-guia-para-la-observacion-de-aves-en-la-era-de-los-dinosaurios/
2026-02-16_mentions_10.1126_sciadv.adp0114__115,2024-07-31T00:00:00,2024-Q3,2024-08-15,,,,unresolved,,,ct.moreover.com,,unmatched,0,0.0,0.0,unranked,My Science,United States,pub_010,Genome and life-history evolution link bird diversification to the end-Cretaceous mass extinction,Mass extinction 66 million years ago triggered rapid evolution of bird genomes,http://ct.moreover.com/?a=54435211615&p=1pl&v=1&x=HgldPPqVOIDKywnlyWu2Yg
2026-02-16_mentions_10.1126_sciadv.adp0114__114,2024-07-31T18:00:00,2024-Q3,2024-08-15,,,,unresolved,,,ct.moreover.com,,unmatched,0,0.0,0.0,unranked,University of Michigan News,United States,pub_010,Genome and life-history evolution link bird diversification to the end-Cretaceous mass extinction,Mass extinction 66 million years ago triggered rapid evolution of bird genomes,http://ct.moreover.com/?a=54431003853&p=1pl&v=1&x=7IxEDmvydDVFYwin1MtSyA
2026-02-16_mentions_10.1126_sciadv.adp0114__113,2024-07-31T18:00:02,2024-Q3,2024-08-15,,,,unresolved,,,ct.moreover.com,,unmatched,0,0.0,0.0,unranked,Phys.org,United Kingdom,pub_010,Genome and life-history evolution link bird diversification to the end-Cretaceous mass extinction,"Mass extinction 66 million years ago triggered rapid evolution of bird genomes, study finds",http://ct.moreover.com/?a=54430851583&p=1pl&v=1&x=Mr28eZbbEfNBF0K_Oh9prw
2026-02-16_mentions_10.1126_sciadv.adp0114__112,2024-07-31T18:06:11,2024-Q3,2024-08-15,,,,unresolved,,,ct.moreover.com,,unmatched,0,0.0,0.0,unranked,EurekAlert!,United States,pub_010,Genome and life-history evolution link bird diversification to the end-Cretaceous mass extinction,Mass extinction 66 million years ago triggered rapid evolution of bird genomes,http://ct.moreover.com/?a=54430832828&p=1pl&v=1&x=J7LW6r_NpIhwrtTKxjFHEw
2026-02-16_mentions_10.1126_sciadv.adp0114__111,2024-07-31T18:06:55,2024-Q3,2024-08-15,,,,unresolved,,,ct.moreover.com,,unmatched,0,0.0,0.0,unranked,Mirage News,Australia,pub_010,Genome and life-history evolution link bird diversification to the end-Cretaceous mass extinction,Bird Genomes Evolved Rapidly Post-66M-Year Extinction,http://ct.moreover.com/?a=54430868525&p=1pl&v=1&x=zMKVkr7b7sifk-XkxDQ6_A
2026-02-16_mentions_10.1126_sciadv.adp0114__110,2024-07-31T18:20:19,2024-Q3,2024-08-15,,,,unresolved,,,scienmag.com,,unmatched,0,0.0,0.0,unranked,ScienMag,United Kingdom,pub_010,Genome and life-history evolution link bird diversification to the end-Cretaceous mass extinction,Mass extinction 66 million years ago triggered rapid evolution of bird,https://scienmag.com/mass-extinction-66-million-years-ago-triggered-rapid-evolution-of-bird-genomes/
2026-02-16_mentions_10.1126_sciadv.adp0114__107,2024-07-31T19:21:49,2024-Q3,2024-08-15,,,,unresolved,,,ct.moreover.com,,unmatched,0,0.0,0.0,unranked,Popular Science,United States,pub_010,Genome and life-history evolution link bird diversification to the end-Cretaceous mass extinction,Why are there so many birds? Thank a giant asteroid.,http://ct.moreover.com/?a=54431451726&p=1pl&v=1&x=AsDYcC-rfg_6au73azqBOQ
2026-02-16_mentions_10.1126_sciadv.adp0114__108,2024-07-31T19:21:49,2024-Q3,2024-08-15,,,,unresolved,,,ct.moreover.com,,unmatched,0,0.0,0.0,unranked,Yahoo!,United States,pub_010,Genome and life-history evolution link bird diversification to the end-Cretaceous mass extinction,Why are there so many birds? Thank a giant asteroid.,http://ct.moreover.com/?a=54431778651&p=1pl&v=1&x=Wokwyf91QfjWZyqBimSpZw
2026-02-16_mentions_10.1126_sciadv.adp0114__105,2024-07-31T21:09:51,2024-Q3,2024-08-15,,,,unresolved,,,ct.moreover.com,,unmatched,0,0.0,0.0,unranked,Science Daily,United States,pub_010,Genome and life-history evolution link bird diversification to the end-Cretaceous mass extinction,Mass extinction 66 million years ago triggered rapid evolution of bird genomes,http://ct.moreover.com/?a=54437266382&p=1pl&v=1&x=WfWE5Db_GgEFvrMBDHOPdQ
2026-02-16_mentions_10.1126_sciadv.adp0114__104,2024-08-01T00:00:00,2024-Q3,2024-08-15,,,,unresolved,,,ct.moreover.com,,unmatched,0,0.0,0.0,unranked,Technology Networks,United States,pub_010,Genome and life-history evolution link bird diversification to the end-Cretaceous mass extinction,News Ancient Epic Extinction Event Sparked Rapid Evolution of Bird Genomes,http://ct.moreover.com/?a=54436031897&p=1pl&v=1&x=24xKmcG4z4Aay_eU_SBmMw
2026-02-16_mentions_10.1126_sciadv.adp0114__87,2024-08-01T11:07:08,2024-Q3,2024-08-15,,,,unresolved,,,ct.moreover.com,,unmatched,0,0.0,0.0,unranked,Tech Explorist,India,pub_010,Genome and life-history evolution link bird diversification to the end-Cretaceous mass extinction,Rapid evolution of bird genomes is linked to end-Cretaceous mass extinction,http://ct.moreover.com/?a=54436833335&p=1pl&v=1&x=Pm21gvWa-hKUF2zIQgvSLA
2026-02-16_mentions_10.1126_sciadv.adp0114__82,2024-08-01T15:00:00,2024-Q3,2024-08-15,,,,unresolved,,,ct.moreover.com,,unmatched,0,0.0,0.0,unranked,Earth,United States,pub_010,Genome and life-history evolution link bird diversification to the end-Cretaceous mass extinction,How a mass extinction triggered bird evolution,http://ct.moreover.com/?a=54438820998&p=1pl&v=1&x=Qu5RDN8xakjz_Vn52YfWzA
2026-02-16_mentions_10.1126_sciadv.adp0114__79,2024-08-01T17:49:11,2024-Q3,2024-08-15,,,,unresolved,,,ct.moreover.com,,unmatched,0,0.0,0.0,unranked,Astrobiology Web,United States,pub_010,Genome and life-history evolution link bird diversification to the end-Cretaceous mass extinction,Mass Extinction 66 million Years Ago Triggered Rapid Evolution Of Bird Genomes,http://ct.moreover.com/?a=54439930258&p=1pl&v=1&x=-xQFrNjPVUv6ErYeP8Nklw
2026-02-16_mentions_10.1126_sciadv.adp0114__72,2024-08-02T06:18:49,2024-Q3,2024-08-15,,,,unresolved,,,ct.moreover.com,,unmatched,0,0.0,0.0,unranked,India Today,India,pub_010,Genome and life-history evolution link bird diversification to the end-Cretaceous mass extinction,Asteroid that killed dinosaurs led to evolution of Birds on Earth,http://ct.moreover.com/?a=54444147669&p=1pl&v=1&x=8x6-ZvHTtI21pJOTtj5JVw
2026-02-16_mentions_10.1126_sciadv.adp0114__69,2024-08-02T12:30:00,2024-Q3,2024-08-15,,,,unresolved,,,ct.moreover.com,,unmatched,0,0.0,0.0,unranked,COSMOS magazine,Australia,pub_010,Genome and life-history evolution link bird diversification to the end-Cretaceous mass extinction,Big dinosaur extinction saw rapid bird evolution,http://ct.moreover.com/?a=54446536826&p=1pl&v=1&x=hFz1kk8-P3pX5ruIJtrFeg
2026-02-16_mentions_10.1126_sciadv.adp0114__66,2024-08-02T20:24:47,2024-Q3,2024-08-15,,,,unresolved,,,sci.news,,unmatched,0,0.0,0.0,unranked,Sci-News,United States,pub_010,Genome and life-history evolution link bird diversification to the end-Cretaceous mass extinction,Study: Dinosaur-Killing Mass Extinction Triggered Rapid Evolution of Bird Genomes | Sci.News,https://www.sci.news/paleontology/end-cretaceous-bird-genome-evolution-13147.html
2026-02-16_mentions_10.1126_sciadv.adp0114__64,2024-08-03T00:32:37,2024-Q3,2024-08-15,,,,unresolved,,,ct.moreover.com,,unmatched,0,0.0,0.0,unranked,National Geographic en Español,Spain,pub_010,Genome and life-history evolution link bird diversification to the end-Cretaceous mass extinction,Las herederas de un reino: Por qué hay tantas aves en la actualidad,http://ct.moreover.com/?a=54451268322&p=1pl&v=1&x=BFQcMfTgERsZfCM620cY0g
2026-02-16_mentions_10.1126_sciadv.adp0114__61,2024-08-03T20:30:00,2024-Q3,2024-08-15,,,,unresolved,,,zap.aeiou.pt,,unmatched,0,0.0,0.0,unranked,ZAP,Portugal,pub_010,Genome and life-history evolution link bird diversification to the end-Cretaceous mass extinction,Porque é que há tantos pássaros e o que é que um asteroide tem a ver com isso?,https://zap.aeiou.pt/porque-e-que-ha-tantos-passaros-e-o-que-e-que-um-asteroide-tem-a-ver-com-isso-618552
2026-02-16_mentions_10.1126_sciadv.adp0114__55,2024-08-05T15:14:43,2024-Q3,2024-08-15,,,,unresolved,,,illvet.se,,unmatched,0,0.0,0.0,unranked,Illustrerad Vetenskap,Sweden,pub_010,Genome and life-history evolution link bird diversification to the end-Cretaceous mass extinction,När dinosaurierna dog ut blomstrade fåglarnas tidiga evolution,https://illvet.se/naturen/nar-dinosaurierna-dog-ut-blomstrade-faglarnas-tidiga-evolution
2026-02-16_mentions_10.1126_sciadv.adp0114__54,2024-08-05T17:00:34,2024-Q3,2024-08-15,,,,unresolved,,,ct.moreover.com,,unmatched,0,0.0,0.0,unranked,Illustreret Videnskab,Denmark,pub_010,Genome and life-history evolution link bird diversification to the end-Cretaceous mass extinction,"Da dinosaurerne uddøde, blomstrede fuglenes tidlige evolution",http://ct.moreover.com/?a=54471827292&p=1pl&v=1&x=pZ-rZBqq-ho0psyWSpaOjg
2026-02-16_mentions_10.1126_sciadv.adp0114__49,2024-08-07T14:12:27,2024-Q3,2024-08-15,,,,unresolved,,,ct.moreover.com,,unmatched,0,0.0,0.0,unranked,MSN,United States,pub_010,Genome and life-history evolution link bird diversification to the end-Cretaceous mass extinction,Asteroid that killed dinosaurs led to evolution of Birds on Earth,http://ct.moreover.com/?a=54485075202&p=1pl&v=1&x=uiYfraQJfROPpJq3DHqjRA
2026-02-16_mentions_10.1126_sciadv.adp0114__44,2024-08-08T16:06:08,2024-Q3,2024-08-15,,,,unresolved,,,ct.moreover.com,,unmatched,0,0.0,0.0,unranked,Scitech Daily,United States,pub_010,Genome and life-history evolution link bird diversification to the end-Cretaceous mass extinction,Biologists Uncover Hidden Genomic Legacy of the Dinosaur Extinction,http://ct.moreover.com/?a=54494634549&p=1pl&v=1&x=u3HX_STYqG6LwMffN3B9Jw
2026-02-16_mentions_10.1126_sciadv.adp0114__39,2024-08-12T01:39:37,2024-Q3,2024-08-15,,,,unresolved,,,ct.moreover.com,,unmatched,0,0.0,0.0,unranked,Yahoo! News,United States,pub_010,Genome and life-history evolution link bird diversification to the end-Cretaceous mass extinction,Traces of Dinosaur Catastrophe Found in Genes of Today's Birds,http://ct.moreover.com/?a=54519552827&p=1pl&v=1&x=_kyDYryNAzoDBuZsAS_HDg
2026-02-16_mentions_10.1126_sciadv.adp0114__41,2024-08-12T01:39:37,2024-Q3,2024-08-15,,,,unresolved,,,ct.moreover.com,,unmatched,0,0.0,0.0,unranked,Science Alert,United States,pub_010,Genome and life-history evolution link bird diversification to the end-Cretaceous mass extinction,Traces of Dinosaur Catastrophe Found in Genes of Today's Birds,http://ct.moreover.com/?a=54519585851&p=1pl&v=1&x=ky7RehchE-bajSX9WGxU-g
2026-02-16_mentions_10.1126_sciadv.adp0114__42,2024-08-12T01:39:37,2024-Q3,2024-08-15,,,,unresolved,,,ct.moreover.com,,unmatched,0,0.0,0.0,unranked,Yahoo!,United States,pub_010,Genome and life-history evolution link bird diversification to the end-Cretaceous mass extinction,Traces of Dinosaur Catastrophe Found in Genes of Today's Birds,http://ct.moreover.com/?a=54519557387&p=1pl&v=1&x=Whvg6A88YEVEA6zFbQRWBw
2026-02-16_mentions_10.1126_sciadv.adp0114__38,2024-08-12T05:07:58,2024-Q3,2024-08-15,,,,unresolved,,,ct.moreover.com,,unmatched,0,0.0,0.0,unranked,WION,India,pub_010,Genome and life-history evolution link bird diversification to the end-Cretaceous mass extinction,Bird genes 'store' memories of dinosaur extinction: Here is how,http://ct.moreover.com/?a=54522911902&p=1pl&v=1&x=wX66dzdRoG2Jt3YhOXfI9Q
2026-02-16_mentions_10.1126_sciadv.adp0114__36,2024-08-12T07:58:34,2024-Q3,2024-08-15,,,,unresolved,,,ct.moreover.com,,unmatched,0,0.0,0.0,unranked,MSN,United States,pub_010,Genome and life-history evolution link bird diversification to the end-Cretaceous mass extinction,Traces of Dinosaur Catastrophe Found in Genes of Today's Birds,http://ct.moreover.com/?a=54521111269&p=1pl&v=1&x=pRgIdvaYGGY6gOlo4BtFxw
2026-02-16_mentions_10.1126_sciadv.adp0114__35,2024-08-12T11:34:41,2024-Q3,2024-08-15,,,,unresolved,,,ct.moreover.com,,unmatched,0,0.0,0.0,unranked,1TV.ge,Georgia,pub_010,Genome and life-history evolution link bird diversification to the end-Cretaceous mass extinction,???????????? ??????????? ????? ??????????? ????????? ??????? ?????? — #1tv??????????,http://ct.moreover.com/?a=54523295123&p=1pl&v=1&x=nNxB4NQXOJgtJJQd1cTR7A
2026-02-16_mentions_10.1126_sciadv.adp0114__34,2024-08-12T11:43:58,2024-Q3,2024-08-15,,,,unresolved,,,ct.moreover.com,,unmatched,0,0.0,0.0,unranked,NewsBytes,India,pub_010,Genome and life-history evolution link bird diversification to the end-Cretaceous mass extinction,Bird genomes hold clues to dinosaur extinction,http://ct.moreover.com/?a=54522557918&p=1pl&v=1&x=VM4sp1pK10DoccLLlvZ0lg
2026-02-16_mentions_10.1126_sciadv.adp0114__33,2024-08-12T14:25:34,2024-Q3,2024-08-15,,,,unresolved,,,ct.moreover.com,,unmatched,0,0.0,0.0,unranked,Olhar Digital,Brazil,pub_010,Genome and life-history evolution link bird diversification to the end-Cretaceous mass extinction,Vestígios da extinção dos dinossauros encontrados no DNA de aves,http://ct.moreover.com/?a=54523749527&p=1pl&v=1&x=xJRgZmLDZ9GxxaiCdelERQ
2026-02-16_mentions_10.1126_sciadv.adp0114__32,2024-08-13T06:38:46,2024-Q3,2024-08-15,,,,unresolved,,,ct.moreover.com,,unmatched,0,0.0,0.0,unranked,Origo,Hungary,pub_010,Genome and life-history evolution link bird diversification to the end-Cretaceous mass extinction,A dinoszaurusz katasztrófa nyomait találták a mai madarak génjeiben - ORIGO,http://ct.moreover.com/?a=54528741186&p=1pl&v=1&x=69xu0UmecIBbnUJ9t3tbSA
2026-02-16_mentions_10.1126_sciadv.adp0114__31,2024-08-14T01:05:52,2024-Q3,2024-08-15,,,,unresolved,,,chitchatpost.com,,unmatched,0,0.0,0.0,unranked,ChitChat Post Espana,Spain,pub_010,Genome and life-history evolution link bird diversification to the end-Cretaceous mass extinction,Hallan rastros del apocalipsis de los dinosaurios en los genes de las aves actuales: ScienceAlert,https://www.chitchatpost.com/hallan-rastros-del-apocalipsis-de-los-dinosaurios-en-los-genes-de-las-aves-actuales-sciencealert/
2026-02-16_mentions_10.1126_sciadv.adp0114__30,2024-08-14T10:52:07,2024-Q3,2024-08-15,,,,unresolved,,,ct.moreover.com,,unmatched,0,0.0,0.0,unranked,On.ge,Georgia,pub_010,Genome and life-history evolution link bird diversification to the end-Cretaceous mass extinction,???????????? ??????????? ????? ??????????? ??????????? ??????? ???????,http://ct.moreover.com/?a=54540187091&p=1pl&v=1&x=MiD4-hoDKxr4Ao-2WbeBrQ
2026-02-16_mentions_10.1126_sciadv.adp0114__29,2024-08-14T12:00:15,2024-Q3,2024-08-15,,,,unresolved,,,ct.moreover.com,,unmatched,0,0.0,0.0,unranked,Descopera,Romania,pub_010,Genome and life-history evolution link bird diversification to the end-Cretaceous mass extinction,Indiciile catastrofei dinozaurilor au fost g?site în genele p?s?rilor de ast?zi,http://ct.moreover.com/?a=54539824128&p=1pl&v=1&x=oogXN_GV00FVGyINfFMtyQ
2026-02-16_mentions_10.1126_sciadv.adp0114__28,2024-08-14T18:29:55,2024-Q3,2024-08-15,,,,unresolved,,,meteored.com.ar,,unmatched,0,0.0,0.0,unranked,meteored.com.ar,Argentina,pub_010,Genome and life-history evolution link bird diversification to the end-Cretaceous mass extinction,Hallan “huellas” de la extinción de los dinosaurios en los genes de las aves actuales,https://www.meteored.com.ar/noticias/ciencia/hallan-huellas-de-la-extincion-de-los-dinosaurios-en-los-genes-de-las-aves-actuales.html
2026-02-16_mentions_10.1126_sciadv.adp0114__27,2024-08-15T16:34:27,2024-Q3,2024-08-15,,,,unresolved,,,cikavosti.com,,unmatched,0,0.0,0.0,unranked,CIKAVOSTI,Israel,pub_010,Genome and life-history evolution link bird diversification to the end-Cretaceous mass extinction,"???? ??????????, ?? ??????? ??????????, ??????? ? ????? ???????? ??????",https://cikavosti.com/slid-katastrofy-shho-znyshhyla-dynozavriv-znajshly-v-genah-suchasnyh-ptahiv/
2026-02-16_mentions_10.1126_sciadv.adp0114__26,2024-08-18T02:37:03,2024-Q3,2024-08-15,,,,unresolved,,,ct.moreover.com,,unmatched,0,0.0,0.0,unranked,ABC.es,Spain,pub_010,Genome and life-history evolution link bird diversification to the end-Cretaceous mass extinction,Testigos de la catástrofe: descubren que la extinción de los dinosaurios está escrita en el genoma de las aves,http://ct.moreover.com/?a=54567961162&p=1pl&v=1&x=U8TGJnNFJSf6AD3-fKvbjA
2026-02-16_mentions_10.1126_sciadv.adp0114__25,2024-08-18T05:30:00,2024-Q3,2024-08-15,,,,unresolved,,,ct.moreover.com,,unmatched,0,0.0,0.0,unranked,Tiempo.com,Spain,pub_010,Genome and life-history evolution link bird diversification to the end-Cretaceous mass extinction,Unos científicos de Estados Unidos hallan huellas de la extinción de los dinosaurios en los genes de las aves actuales,http://ct.moreover.com/?a=54568629952&p=1pl&v=1&x=NlKJVUTrEOMw8N8nWrF4Bg
2026-02-16_mentions_10.1126_sciadv.adp0114__24,2024-08-18T05:58:07,2024-Q3,2024-08-15,,,,unresolved,,,ct.moreover.com,,unmatched,0,0.0,0.0,unranked,Popmech,Russia,pub_010,Genome and life-history evolution link bird diversification to the end-Cretaceous mass extinction,"??? ?????????? ?????? ?????????, ????? ????? ???????????? ???????",http://ct.moreover.com/?a=54568682030&p=1pl&v=1&x=bVY27vGaeqbk9lU8mRrZLw
2026-02-16_mentions_10.1126_sciadv.adp0114__23,2024-08-18T06:46:33,2024-Q3,2024-08-15,,,,unresolved,,,ct.moreover.com,,unmatched,0,0.0,0.0,unranked,Nouvelles du monde,France,pub_010,Genome and life-history evolution link bird diversification to the end-Cretaceous mass extinction,Ils découvrent que l’extinction des dinosaures est inscrite dans le génome des oiseaux,http://ct.moreover.com/?a=54568863745&p=1pl&v=1&x=HDKhj-cUa_V_0LTzxpJ1oQ
2026-02-16_mentions_10.1126_sciadv.adp0114__22,2024-08-18T10:03:01,2024-Q3,2024-08-15,,,,unresolved,,,nipponese.news,,unmatched,0,0.0,0.0,unranked,Nipponese.news,Japan,pub_010,Genome and life-history evolution link bird diversification to the end-Cretaceous mass extinction,?????????????????????????? - nipponese.news - Nipponese,https://www.nipponese.news/%e6%81%90%e7%ab%9c%e3%81%ae%e7%b5%b6%e6%bb%85%e3%81%af%e9%b3%a5%e9%a1%9e%e3%81%ae%e3%82%b2%e3%83%8e%e3%83%a0%e3%81%ab%e6%9b%b8%e3%81%8d%e8%be%bc%e3%81%be%e3%82%8c%e3%81%a6%e3%81%84%e3%82%8b%e3%81%93/
2026-02-16_mentions_10.1038_nature15697__39,2025-05-10T00:00:00,2025-Q2,2025-05-15,,,,unresolved,,,ct.moreover.com,,unmatched,0,0.0,0.0,unranked,inkl,Australia,pub_002,A comprehensive phylogeny of birds (Aves) using targeted next-generation DNA sequencing,Hoatzin: The strange 'stinkbird' born with clawed wings that appears to be an evolutionary 'orphan',http://ct.moreover.com/?a=56706390195&p=1pl&v=1&x=92bfqk8R3Cj28keF8EA-8A
2026-02-16_mentions_10.1038_nature15697__38,2025-05-10T12:00:00,2025-Q2,2025-05-15,,,,unresolved,,,ct.moreover.com,,unmatched,0,0.0,0.0,unranked,Yahoo!,United States,pub_002,A comprehensive phylogeny of birds (Aves) using targeted next-generation DNA sequencing,The strange 'stinkbird' born with clawed wings that appears to be an evolutionary 'orphan',http://ct.moreover.com/?a=56710039644&p=1pl&v=1&x=3PpidP-nPrWk2W-Wyvlvgg
2026-02-16_mentions_10.1038_nature15697__37,2025-05-10T15:31:37,2025-Q2,2025-05-15,,,,unresolved,,,ct.moreover.com,,unmatched,0,0.0,0.0,unranked,MSN,United States,pub_002,A comprehensive phylogeny of birds (Aves) using targeted next-generation DNA sequencing,Hoatzin: The strange 'stinkbird' born with clawed wings that appears to be an evolutionary 'orphan',http://ct.moreover.com/?a=56704576394&p=1pl&v=1&x=drAkBI6JpckFxFz8fScxrQ
2026-02-16_mentions_10.1038_nature15697__36,2025-05-10T22:13:28,2025-Q2,2025-05-15,,,,unresolved,,,mandarinian.news,,unmatched,0,0.0,0.0,unranked,Mandarinian,China,pub_002,A comprehensive phylogeny of birds (Aves) using targeted next-generation DNA sequencing,Hoatzin?????????? - Mandarinian,https://www.mandarinian.news/hoatzin%e6%98%af%e4%ba%9a%e9%a9%ac%e9%80%8a%e7%9a%84%e7%94%9f%e6%b4%bb%e5%8c%96%e7%9f%b3%ef%bc%81/
2026-02-16_mentions_10.1038_nature15697__35,2025-05-14T11:30:41,2025-Q2,2025-05-15,,,,unresolved,,,ct.moreover.com,,unmatched,0,0.0,0.0,unranked,Science & Vie,France,pub_002,A comprehensive phylogeny of birds (Aves) using targeted next-generation DNA sequencing,"Dans la forêt amazonienne, cet oiseau primitif conserve les secrets de l’évolution",http://ct.moreover.com/?a=56734617601&p=1pl&v=1&x=TScmCQB6UlzCwPM5Z97mBw
2026-02-16_mentions_10.1038_nature15697__34,2025-05-25T01:32:00,2025-Q2,2025-05-15,,,,unresolved,,,ct.moreover.com,,unmatched,0,0.0,0.0,unranked,Ukrainian Independent Information Agency,Ukraine,pub_002,A comprehensive phylogeny of birds (Aves) using targeted next-generation DNA sequencing,???????? ????? ? ????????? ?????: ????? ????????? ??? ?????? ? ??????????? ?????? ? ?????,http://ct.moreover.com/?a=56823480298&p=1pl&v=1&x=psDloiGfdSvuDg2zmVJvJQ
